istante,bmo-carico-calibrazione.service:corrente_kb,bmo-carico-calibrazione.service:picco_kb,bmo-carico-calibrazione.service:oom,bmo-carico-calibrazione.service:oom_kill,bmo-carico.service:corrente_kb,bmo-carico.service:picco_kb,bmo-carico.service:oom,bmo-carico.service:oom_kill,bmo-face.service:corrente_kb,bmo-face.service:picco_kb,bmo-face.service:oom,bmo-face.service:oom_kill,temp_c,throttled_hex,throttled_bit,zram_usato_kb
1790714568.9,,,0,0,,,0,0,41100,42872,0,0,39.2,0x0,nessuno,0
1790714599.0,,,0,0,,,0,0,40308,42872,0,0,38.6,0x0,nessuno,0
1790714629.0,119524,130940,0,0,,,0,0,40876,42872,0,0,41.3,0x0,nessuno,32
1790714659.0,132168,210876,0,0,,,0,0,32404,42872,0,0,41.9,0x0,nessuno,1500
1790714689.0,173604,210876,0,0,,,0,0,33156,42872,0,0,41.9,0x0,nessuno,1440
1790714719.0,184940,211176,0,0,,,0,0,31872,42872,0,0,41.9,0x0,nessuno,11960
1790714749.0,188128,224000,0,0,,,0,0,22704,42872,0,0,41.9,0x0,nessuno,38900
1790714779.0,192192,224000,0,0,,,0,0,22364,42872,0,0,41.9,0x0,nessuno,35724
1790714809.0,201192,224000,0,0,,,0,0,22728,42872,0,0,42.9,0x0,nessuno,36144
1790714839.1,194684,224000,0,0,,,0,0,21888,42872,0,0,42.9,0x0,nessuno,36308
1790714869.1,191824,234172,0,0,,,0,0,17596,42872,0,0,42.9,0x0,nessuno,58176
1790714899.1,193324,234172,0,0,,,0,0,17916,42872,0,0,43.5,0x0,nessuno,57904
1790714929.1,194668,234172,0,0,,,0,0,17908,42872,0,0,42.9,0x0,nessuno,57316
1790714959.1,192200,234172,0,0,,,0,0,17620,42872,0,0,43.5,0x0,nessuno,59380
1790714989.1,193876,234172,0,0,,,0,0,17492,42872,0,0,44.5,0x0,nessuno,58488
1790715019.1,195324,234172,0,0,,,0,0,17236,42872,0,0,44.0,0x0,nessuno,58068
1790715049.1,197176,234172,0,0,,,0,0,17560,42872,0,0,42.9,0x0,nessuno,56700
1790715079.1,197240,234172,0,0,,,0,0,18172,42872,0,0,42.9,0x0,nessuno,56688
1790715109.1,206440,234172,0,0,,,0,0,18056,42872,0,0,42.9,0x0,nessuno,56732
1790715139.2,197128,234172,0,0,,,0,0,17248,42872,0,0,42.4,0x0,nessuno,56844
1790715169.2,204236,234172,0,0,,,0,0,18044,42872,0,0,42.9,0x0,nessuno,56836
1790715199.2,,,0,0,,,0,0,17088,42872,0,0,41.9,0x0,nessuno,14772
1790715229.2,,,0,0,,,0,0,17924,42872,0,0,40.8,0x0,nessuno,14708
1790715259.2,,,0,0,,,0,0,17148,42872,0,0,40.8,0x0,nessuno,14708
1790715289.2,,,0,0,,,0,0,18180,42872,0,0,39.7,0x0,nessuno,14708
1790715319.2,,,0,0,,,0,0,17292,42872,0,0,39.2,0x0,nessuno,14708
1790715349.2,,,0,0,,,0,0,17700,42872,0,0,40.2,0x0,nessuno,14708
1790715379.3,,,0,0,,,0,0,17092,42872,0,0,38.6,0x0,nessuno,14708
1790715409.3,,,0,0,,,0,0,17740,42872,0,0,39.2,0x0,nessuno,14708
1790715439.3,,,0,0,,,0,0,17824,42872,0,0,38.6,0x0,nessuno,14708
1790715469.3,,,0,0,,,0,0,18100,42872,0,0,39.2,0x0,nessuno,14700
1790715499.3,,,0,0,,,0,0,18116,42872,0,0,39.2,0x0,nessuno,14700
1790715529.3,,,0,0,,,0,0,17036,42872,0,0,39.7,0x0,nessuno,14700
1790715695.4,,,0,0,4136,4136,0,0,41736,42568,0,0,39.2,0x0,nessuno,0
1790715725.4,,,0,0,146452,225876,0,0,34616,42568,0,0,41.3,0x0,nessuno,1920
1790715755.4,,,0,0,201596,225876,0,0,33996,42568,0,0,40.2,0x0,nessuno,1940
1790715785.4,,,0,0,209332,230700,0,0,31852,42568,0,0,40.8,0x0,nessuno,2064
1790715815.4,,,0,0,189924,231116,0,0,30344,42568,0,0,40.8,0x0,nessuno,2056
1790715845.4,,,0,0,191832,231116,0,0,30236,42568,0,0,40.8,0x0,nessuno,2052
1790715875.4,,,0,0,192460,231116,0,0,29120,42568,0,0,41.3,0x0,nessuno,1988
1790715905.5,,,0,0,192548,231116,0,0,29872,42568,0,0,42.4,0x0,nessuno,1076
1790715935.5,,,0,0,192896,231116,0,0,29072,42568,0,0,40.8,0x0,nessuno,1076
1790715965.5,,,0,0,193680,231116,0,0,29232,42568,0,0,42.4,0x0,nessuno,1076
1790715995.5,,,0,0,208824,231116,0,0,29120,42568,0,0,42.4,0x0,nessuno,1076
1790716025.5,,,0,0,194160,231116,0,0,29484,42568,0,0,42.9,0x0,nessuno,1076
1790716055.5,,,0,0,194276,231116,0,0,29144,42568,0,0,43.5,0x0,nessuno,1076
1790716085.5,,,0,0,194404,231116,0,0,29864,42568,0,0,42.9,0x0,nessuno,1076
1790716115.5,,,0,0,194084,231116,0,0,29432,42568,0,0,42.9,0x0,nessuno,1076
1790716145.5,,,0,0,194268,231116,0,0,29792,42568,0,0,43.5,0x0,nessuno,1076
1790716175.6,,,0,0,194352,231116,0,0,28984,42568,0,0,43.5,0x0,nessuno,1076
1790716205.6,,,0,0,194136,231116,0,0,29576,42568,0,0,43.5,0x0,nessuno,1076
1790716235.6,,,0,0,194676,231116,0,0,29216,42568,0,0,44.0,0x0,nessuno,1076
1790716265.6,,,0,0,194284,231116,0,0,29252,42568,0,0,44.0,0x0,nessuno,1072
1790716295.6,,,0,0,194396,231116,0,0,28896,42568,0,0,44.0,0x0,nessuno,1072
1790716325.6,,,0,0,194248,231116,0,0,28380,42568,0,0,44.0,0x0,nessuno,1072
1790716355.6,,,0,0,194456,231116,0,0,29312,42568,0,0,44.5,0x0,nessuno,1072
1790716385.6,,,0,0,194732,231116,0,0,29216,42568,0,0,44.0,0x0,nessuno,1072
1790716415.7,,,0,0,194496,231116,0,0,30072,42568,0,0,44.5,0x0,nessuno,1068
1790716445.7,,,0,0,194596,231116,0,0,28828,42568,0,0,45.1,0x0,nessuno,1068
1790716475.7,,,0,0,194588,231116,0,0,29800,42568,0,0,45.1,0x0,nessuno,1068
1790716505.7,,,0,0,194424,231116,0,0,29096,42568,0,0,44.5,0x0,nessuno,1064
1790716535.7,,,0,0,194696,231116,0,0,30108,42568,0,0,44.5,0x0,nessuno,1064
1790716565.7,,,0,0,194856,231116,0,0,30120,42568,0,0,45.1,0x0,nessuno,1064
1790716595.7,,,0,0,194676,231116,0,0,29652,42568,0,0,44.5,0x0,nessuno,1060
1790716625.7,,,0,0,194704,231116,0,0,29856,42568,0,0,45.1,0x0,nessuno,1060
1790716655.7,,,0,0,194856,231116,0,0,28980,42568,0,0,45.1,0x0,nessuno,1060
1790716685.7,,,0,0,194632,231116,0,0,29884,42568,0,0,45.1,0x0,nessuno,1060
1790716715.8,,,0,0,195780,231116,0,0,29176,42568,0,0,45.1,0x0,nessuno,1056
1790716745.8,,,0,0,195756,231116,0,0,29212,42568,0,0,45.1,0x0,nessuno,1056
1790716775.8,,,0,0,195748,231116,0,0,29820,42568,0,0,45.1,0x0,nessuno,1056
1790716805.8,,,0,0,196144,231116,0,0,30096,42568,0,0,45.1,0x0,nessuno,1052
1790716835.8,,,0,0,195848,231116,0,0,29032,42568,0,0,45.6,0x0,nessuno,1052
1790716865.8,,,0,0,195688,231116,0,0,29804,42568,0,0,45.1,0x0,nessuno,1052
1790716895.8,,,0,0,195836,231116,0,0,29104,42568,0,0,45.1,0x0,nessuno,1052
1790716925.8,,,0,0,195792,231116,0,0,29552,42568,0,0,45.1,0x0,nessuno,1052
1790716955.9,,,0,0,195796,231116,0,0,29960,42568,0,0,45.1,0x0,nessuno,1052
1790716985.9,,,0,0,195724,231116,0,0,29652,42568,0,0,45.6,0x0,nessuno,1052
1790717015.9,,,0,0,195944,231116,0,0,29160,42568,0,0,45.1,0x0,nessuno,1052
1790717045.9,,,0,0,195820,231116,0,0,29432,42568,0,0,45.6,0x0,nessuno,1052
1790717075.9,,,0,0,195716,231116,0,0,28976,42568,0,0,45.1,0x0,nessuno,1052
1790717105.9,,,0,0,196052,231116,0,0,29392,42568,0,0,45.1,0x0,nessuno,1052
1790717135.9,,,0,0,195700,231116,0,0,29456,42568,0,0,45.6,0x0,nessuno,1052
1790717165.9,,,0,0,195896,231116,0,0,29808,42568,0,0,45.6,0x0,nessuno,1052
1790717195.9,,,0,0,195712,231116,0,0,29732,42568,0,0,45.6,0x0,nessuno,1052
1790717226.0,,,0,0,195800,231116,0,0,29700,42568,0,0,45.1,0x0,nessuno,1052
1790717256.0,,,0,0,195708,231116,0,0,29692,42568,0,0,45.1,0x0,nessuno,1052
1790717286.0,,,0,0,195664,231116,0,0,30192,42568,0,0,45.1,0x0,nessuno,1052
1790717316.0,,,0,0,196064,231116,0,0,29784,42568,0,0,45.1,0x0,nessuno,1052
1790717346.0,,,0,0,195984,231116,0,0,29788,42568,0,0,45.6,0x0,nessuno,1052
1790717376.0,,,0,0,195568,231116,0,0,29684,42568,0,0,45.6,0x0,nessuno,1052
1790717406.0,,,0,0,195488,231116,0,0,29608,42568,0,0,45.1,0x0,nessuno,1052
1790717436.0,,,0,0,195644,231116,0,0,29152,42568,0,0,45.6,0x0,nessuno,1052
1790717466.0,,,0,0,195944,231116,0,0,28760,42568,0,0,45.6,0x0,nessuno,1016
1790717496.0,,,0,0,195920,231116,0,0,29552,42568,0,0,45.6,0x0,nessuno,1016
1790717526.1,,,0,0,196180,231116,0,0,29696,42568,0,0,45.6,0x0,nessuno,1016
1790717556.1,,,0,0,195812,231116,0,0,29920,42568,0,0,45.1,0x0,nessuno,1016
1790717586.1,,,0,0,196088,231116,0,0,30240,42568,0,0,45.6,0x0,nessuno,1016
1790717616.1,,,0,0,195512,231116,0,0,29736,42568,0,0,45.1,0x0,nessuno,1016
1790717646.1,,,0,0,196036,231116,0,0,29724,42568,0,0,45.6,0x0,nessuno,1016
1790717676.1,,,0,0,196096,231116,0,0,30056,42568,0,0,45.6,0x0,nessuno,1016
1790717706.1,,,0,0,195956,231116,0,0,29868,42568,0,0,46.2,0x0,nessuno,1016
1790717736.1,,,0,0,195788,231116,0,0,29068,42568,0,0,45.6,0x0,nessuno,1016
1790717766.1,,,0,0,195848,231116,0,0,28964,42568,0,0,45.1,0x0,nessuno,1016
1790717796.2,,,0,0,195856,231116,0,0,29912,42568,0,0,45.6,0x0,nessuno,1016
1790717826.2,,,0,0,195720,231116,0,0,29352,42568,0,0,45.6,0x0,nessuno,1016
1790717856.2,,,0,0,195904,231116,0,0,29940,42568,0,0,45.1,0x0,nessuno,1016
1790717886.2,,,0,0,195976,231116,0,0,30376,42568,0,0,46.2,0x0,nessuno,1016
1790717916.2,,,0,0,195968,231116,0,0,29512,42568,0,0,46.2,0x0,nessuno,1016
1790717946.2,,,0,0,195980,231116,0,0,29228,42568,0,0,45.6,0x0,nessuno,1016
1790717976.2,,,0,0,195764,231116,0,0,29516,42568,0,0,46.2,0x0,nessuno,1016
1790718006.2,,,0,0,195880,231116,0,0,29672,42568,0,0,45.6,0x0,nessuno,1016
1790718036.2,,,0,0,195992,231116,0,0,29028,42568,0,0,45.6,0x0,nessuno,1016
1790718066.3,,,0,0,195740,231116,0,0,29904,42568,0,0,46.2,0x0,nessuno,1016
1790718096.3,,,0,0,195700,231116,0,0,29504,42568,0,0,46.2,0x0,nessuno,1016
1790718126.3,,,0,0,195844,231116,0,0,29764,42568,0,0,46.2,0x0,nessuno,1016
1790718156.3,,,0,0,196064,231116,0,0,30064,42568,0,0,45.6,0x0,nessuno,1016
1790718186.3,,,0,0,196176,231116,0,0,29480,42568,0,0,45.6,0x0,nessuno,1016
1790718216.3,,,0,0,196112,231116,0,0,29956,42568,0,0,46.2,0x0,nessuno,1016
1790718246.3,,,0,0,196144,231116,0,0,29780,42568,0,0,46.2,0x0,nessuno,1016
1790718276.3,,,0,0,196000,231116,0,0,28996,42568,0,0,46.2,0x0,nessuno,1016
1790718306.3,,,0,0,195788,231116,0,0,29876,42568,0,0,45.1,0x0,nessuno,1016
1790718336.4,,,0,0,196044,231116,0,0,29232,42568,0,0,46.7,0x0,nessuno,1016
1790718366.4,,,0,0,195928,231116,0,0,29628,42568,0,0,45.6,0x0,nessuno,1016
1790718396.4,,,0,0,195896,231116,0,0,29336,42568,0,0,45.6,0x0,nessuno,1016
1790718426.4,,,0,0,195856,231116,0,0,29868,42568,0,0,46.2,0x0,nessuno,1016
1790718456.4,,,0,0,195948,231116,0,0,30024,42568,0,0,45.6,0x0,nessuno,1016
1790718486.4,,,0,0,195876,231116,0,0,29648,42568,0,0,45.6,0x0,nessuno,1016
1790718516.4,,,0,0,195696,231116,0,0,29884,42568,0,0,45.6,0x0,nessuno,1016
1790718546.4,,,0,0,195872,231116,0,0,29340,42568,0,0,46.2,0x0,nessuno,1016
1790718576.4,,,0,0,195832,231116,0,0,29676,42568,0,0,46.2,0x0,nessuno,1016
1790718606.4,,,0,0,196080,231116,0,0,29964,42568,0,0,46.2,0x0,nessuno,1016
1790718636.5,,,0,0,195824,231116,0,0,29676,42568,0,0,46.2,0x0,nessuno,1016
1790718666.5,,,0,0,195844,231116,0,0,29128,42568,0,0,45.6,0x0,nessuno,1016
1790718696.5,,,0,0,196192,231116,0,0,29964,42568,0,0,46.2,0x0,nessuno,1016
1790718726.5,,,0,0,196088,231116,0,0,29824,42568,0,0,45.6,0x0,nessuno,1016
1790718756.5,,,0,0,195788,231116,0,0,29764,42568,0,0,46.2,0x0,nessuno,1016
1790718786.5,,,0,0,196144,231116,0,0,29904,42568,0,0,46.2,0x0,nessuno,1016
1790718816.5,,,0,0,195924,231116,0,0,29728,42568,0,0,46.2,0x0,nessuno,1016
1790718846.5,,,0,0,196052,231116,0,0,29736,42568,0,0,45.6,0x0,nessuno,1016
1790718876.5,,,0,0,195984,231116,0,0,29844,42568,0,0,46.2,0x0,nessuno,1016
1790718906.6,,,0,0,195856,231116,0,0,29740,42568,0,0,46.2,0x0,nessuno,1016
1790718936.6,,,0,0,196000,231116,0,0,28988,42568,0,0,45.6,0x0,nessuno,1016
1790718966.6,,,0,0,196016,231116,0,0,29448,42568,0,0,46.2,0x0,nessuno,1016
1790718996.6,,,0,0,196116,231116,0,0,29592,42568,0,0,46.2,0x0,nessuno,1016
1790719026.6,,,0,0,195936,231116,0,0,29944,42568,0,0,46.7,0x0,nessuno,1016
1790719056.6,,,0,0,196024,231116,0,0,29224,42568,0,0,46.2,0x0,nessuno,1016
1790719086.6,,,0,0,195852,231116,0,0,29524,42568,0,0,46.2,0x0,nessuno,1016
1790719116.6,,,0,0,196024,231116,0,0,29460,42568,0,0,46.2,0x0,nessuno,1016
1790719146.6,,,0,0,195884,231116,0,0,29912,42568,0,0,46.2,0x0,nessuno,1016
1790719176.7,,,0,0,195828,231116,0,0,29708,42568,0,0,46.2,0x0,nessuno,1016
1790719206.7,,,0,0,195992,231116,0,0,29704,42568,0,0,45.6,0x0,nessuno,1016
1790719236.7,,,0,0,195804,231116,0,0,29316,42568,0,0,46.2,0x0,nessuno,1016
1790719266.7,,,0,0,195984,231116,0,0,29680,42568,0,0,46.2,0x0,nessuno,1016
1790719296.7,,,0,0,196180,231116,0,0,29656,42568,0,0,46.2,0x0,nessuno,1016
1790719326.7,,,0,0,195772,231116,0,0,29128,42568,0,0,46.7,0x0,nessuno,1016
1790719356.7,,,0,0,196064,231116,0,0,29072,42568,0,0,45.6,0x0,nessuno,1016
1790719386.7,,,0,0,195440,231116,0,0,29000,42568,0,0,45.1,0x0,nessuno,1140
1790719416.8,,,0,0,196132,231116,0,0,29104,42568,0,0,45.6,0x0,nessuno,1124
1790719446.8,,,0,0,197008,231116,0,0,29652,42568,0,0,45.6,0x0,nessuno,1336
1790719476.8,,,0,0,197088,231116,0,0,28712,42568,0,0,45.1,0x0,nessuno,1436
1790719506.8,,,0,0,196872,231116,0,0,29456,42568,0,0,46.2,0x0,nessuno,1436
1790719536.8,,,0,0,211772,231116,0,0,29104,42568,0,0,45.6,0x0,nessuno,1436
1790719566.8,,,0,0,196956,231116,0,0,28868,42568,0,0,45.1,0x0,nessuno,1436
1790719596.8,,,0,0,197196,231116,0,0,29628,42568,0,0,45.6,0x0,nessuno,1436
1790719626.8,,,0,0,197088,231116,0,0,29352,42568,0,0,45.1,0x0,nessuno,1436
1790719656.8,,,0,0,196992,231116,0,0,29156,42568,0,0,45.1,0x0,nessuno,1436
1790719686.8,,,0,0,197056,231116,0,0,29056,42568,0,0,46.2,0x0,nessuno,1432
1790719716.9,,,0,0,197072,231116,0,0,29064,42568,0,0,45.6,0x0,nessuno,1432
1790719746.9,,,0,0,197128,231116,0,0,29816,42568,0,0,46.2,0x0,nessuno,1432
1790719776.9,,,0,0,197140,231116,0,0,29568,42568,0,0,45.6,0x0,nessuno,1432
1790719806.9,,,0,0,197100,231116,0,0,28824,42568,0,0,45.6,0x0,nessuno,1432
1790719836.9,,,0,0,197188,231116,0,0,29420,42568,0,0,46.2,0x0,nessuno,1432
1790719866.9,,,0,0,197028,231116,0,0,29616,42568,0,0,46.2,0x0,nessuno,1432
1790719896.9,,,0,0,196820,231116,0,0,28948,42568,0,0,46.2,0x0,nessuno,1432
1790719926.9,,,0,0,196948,231116,0,0,29944,42568,0,0,45.6,0x0,nessuno,1432
1790719956.9,,,0,0,197068,231116,0,0,29028,42568,0,0,46.2,0x0,nessuno,1432
1790719987.0,,,0,0,197224,231116,0,0,29480,42568,0,0,46.2,0x0,nessuno,1432
1790720017.0,,,0,0,197380,231116,0,0,29928,42568,0,0,45.6,0x0,nessuno,1432
1790720047.0,,,0,0,197144,231116,0,0,28968,42568,0,0,46.7,0x0,nessuno,1432
1790720077.0,,,0,0,197256,231116,0,0,29664,42568,0,0,46.2,0x0,nessuno,1432
1790720107.0,,,0,0,196864,231116,0,0,29448,42568,0,0,46.2,0x0,nessuno,1432
1790720137.0,,,0,0,196712,231116,0,0,29080,42568,0,0,46.2,0x0,nessuno,1432
1790720167.0,,,0,0,197288,231116,0,0,29496,42568,0,0,46.2,0x0,nessuno,1432
1790720197.0,,,0,0,196952,231116,0,0,29612,42568,0,0,45.6,0x0,nessuno,1432
1790720227.0,,,0,0,197344,231116,0,0,29944,42568,0,0,46.2,0x0,nessuno,1432
1790720257.1,,,0,0,197044,231116,0,0,29724,42568,0,0,45.6,0x0,nessuno,1432
1790720287.1,,,0,0,197192,231116,0,0,28788,42568,0,0,46.2,0x0,nessuno,1432
1790720317.1,,,0,0,196976,231116,0,0,29584,42568,0,0,46.2,0x0,nessuno,1432
1790720347.1,,,0,0,197076,231116,0,0,29920,42568,0,0,46.2,0x0,nessuno,1432
1790720377.1,,,0,0,196980,231116,0,0,29284,42568,0,0,46.2,0x0,nessuno,1432
1790720407.1,,,0,0,197192,231116,0,0,28988,42568,0,0,46.2,0x0,nessuno,1432
1790720437.1,,,0,0,196984,231116,0,0,29004,42568,0,0,46.2,0x0,nessuno,1432
1790720467.1,,,0,0,197080,231116,0,0,29840,42568,0,0,46.2,0x0,nessuno,1432
1790720497.1,,,0,0,197360,231116,0,0,29712,42568,0,0,46.7,0x0,nessuno,1432
1790720527.1,,,0,0,197080,231116,0,0,29800,42568,0,0,46.2,0x0,nessuno,1432
1790720557.2,,,0,0,196664,231116,0,0,29084,42568,0,0,46.7,0x0,nessuno,1432
1790720587.2,,,0,0,197000,231116,0,0,29448,42568,0,0,46.7,0x0,nessuno,1432
1790720617.2,,,0,0,197248,231116,0,0,29836,42568,0,0,46.2,0x0,nessuno,1432
1790720647.2,,,0,0,197096,231116,0,0,29564,42568,0,0,46.2,0x0,nessuno,1432
1790720677.2,,,0,0,197284,231116,0,0,29652,42568,0,0,46.2,0x0,nessuno,1432
1790720707.2,,,0,0,196980,231116,0,0,28880,42568,0,0,46.2,0x0,nessuno,1432
1790720737.2,,,0,0,197256,231116,0,0,29624,42568,0,0,45.6,0x0,nessuno,1432
1790720767.2,,,0,0,197204,231116,0,0,29868,42568,0,0,46.7,0x0,nessuno,1432
1790720797.2,,,0,0,197140,231116,0,0,28824,42568,0,0,46.2,0x0,nessuno,1432
1790720827.3,,,0,0,197276,231116,0,0,29456,42568,0,0,46.2,0x0,nessuno,1432
1790720857.3,,,0,0,196956,231116,0,0,30072,42568,0,0,46.2,0x0,nessuno,1432
1790720887.3,,,0,0,197200,231116,0,0,28792,42568,0,0,47.2,0x0,nessuno,1432
1790720917.3,,,0,0,197304,231116,0,0,28940,42568,0,0,46.2,0x0,nessuno,1432
1790720947.3,,,0,0,197012,231116,0,0,29664,42568,0,0,46.7,0x0,nessuno,1432
1790720977.3,,,0,0,197096,231116,0,0,30000,42568,0,0,46.2,0x0,nessuno,1432
1790721007.3,,,0,0,197004,231116,0,0,29696,42568,0,0,46.2,0x0,nessuno,1432
1790721037.3,,,0,0,196520,231116,0,0,29132,42568,0,0,46.7,0x0,nessuno,1432
1790721067.3,,,0,0,197092,231116,0,0,29800,42568,0,0,45.6,0x0,nessuno,1432
1790721097.4,,,0,0,197184,231116,0,0,29388,42568,0,0,46.2,0x0,nessuno,1432
1790721127.4,,,0,0,196960,231116,0,0,29712,42568,0,0,46.2,0x0,nessuno,1432
1790721157.4,,,0,0,197060,231116,0,0,29784,42568,0,0,46.2,0x0,nessuno,1432
1790721187.4,,,0,0,197236,231116,0,0,28884,42568,0,0,46.2,0x0,nessuno,1432
1790721217.4,,,0,0,197096,231116,0,0,29092,42568,0,0,45.6,0x0,nessuno,1432
1790721247.4,,,0,0,197092,231116,0,0,30296,42568,0,0,46.2,0x0,nessuno,1432
1790721277.4,,,0,0,196636,231116,0,0,29580,42568,0,0,45.6,0x0,nessuno,1432
1790721307.4,,,0,0,197156,231116,0,0,29464,42568,0,0,46.7,0x0,nessuno,1432
1790721337.4,,,0,0,197132,231116,0,0,29360,42568,0,0,46.2,0x0,nessuno,1432
1790721367.5,,,0,0,197304,231116,0,0,28844,42568,0,0,46.2,0x0,nessuno,1432
1790721397.5,,,0,0,197052,231116,0,0,29196,42568,0,0,45.6,0x0,nessuno,1432
1790721427.5,,,0,0,197108,231116,0,0,29528,42568,0,0,46.2,0x0,nessuno,1432
1790721457.5,,,0,0,197140,231116,0,0,29744,42568,0,0,46.2,0x0,nessuno,1432
1790721487.5,,,0,0,196972,231116,0,0,30140,42568,0,0,46.2,0x0,nessuno,1432
1790721517.5,,,0,0,197016,231116,0,0,29864,42568,0,0,46.2,0x0,nessuno,1432
1790721547.5,,,0,0,197048,231116,0,0,29652,42568,0,0,46.2,0x0,nessuno,1432
1790721577.5,,,0,0,197008,231116,0,0,29596,42568,0,0,45.6,0x0,nessuno,1432
1790721607.5,,,0,0,197020,231116,0,0,29292,42568,0,0,45.6,0x0,nessuno,1432
1790721637.6,,,0,0,196928,231116,0,0,29836,42568,0,0,46.2,0x0,nessuno,1432
1790721667.6,,,0,0,197280,231116,0,0,29592,42568,0,0,46.2,0x0,nessuno,1432
1790721697.6,,,0,0,196844,231116,0,0,29904,42568,0,0,46.2,0x0,nessuno,1432
1790721727.6,,,0,0,197000,231116,0,0,29104,42568,0,0,45.6,0x0,nessuno,1432
1790721757.6,,,0,0,197092,231116,0,0,29756,42568,0,0,46.2,0x0,nessuno,1432
1790721787.6,,,0,0,197128,231116,0,0,29480,42568,0,0,46.2,0x0,nessuno,1432
1790721817.6,,,0,0,197036,231116,0,0,29788,42568,0,0,46.2,0x0,nessuno,1432
1790721847.6,,,0,0,197368,231116,0,0,29940,42568,0,0,46.2,0x0,nessuno,1432
1790721877.6,,,0,0,197108,231116,0,0,29456,42568,0,0,46.2,0x0,nessuno,1432
1790721907.6,,,0,0,197212,231116,0,0,29944,42568,0,0,46.2,0x0,nessuno,1432
1790721937.7,,,0,0,197268,231116,0,0,29268,42568,0,0,46.2,0x0,nessuno,1432
1790721967.7,,,0,0,196860,231116,0,0,29792,42568,0,0,46.2,0x0,nessuno,1432
1790721997.7,,,0,0,197260,231116,0,0,29932,42568,0,0,46.7,0x0,nessuno,1432
1790722027.7,,,0,0,196796,231116,0,0,29088,42568,0,0,47.2,0x0,nessuno,1432
1790722057.7,,,0,0,197356,231116,0,0,29152,42568,0,0,46.2,0x0,nessuno,1432
1790722087.7,,,0,0,196980,231116,0,0,29836,42568,0,0,46.2,0x0,nessuno,1432
1790722117.7,,,0,0,196848,231116,0,0,29336,42568,0,0,46.2,0x0,nessuno,1432
1790722147.7,,,0,0,197200,231116,0,0,29556,42568,0,0,46.2,0x0,nessuno,1432
1790722177.7,,,0,0,197328,231116,0,0,28932,42568,0,0,45.6,0x0,nessuno,1432
1790722207.8,,,0,0,197232,231116,0,0,29120,42568,0,0,46.2,0x0,nessuno,1432
1790722237.8,,,0,0,196956,231116,0,0,29480,42568,0,0,45.6,0x0,nessuno,1432
1790722267.8,,,0,0,197028,231116,0,0,29644,42568,0,0,45.6,0x0,nessuno,1432
1790722297.8,,,0,0,197132,231116,0,0,29448,42568,0,0,46.2,0x0,nessuno,1432
1790722327.8,,,0,0,197072,231116,0,0,29596,42568,0,0,45.6,0x0,nessuno,1432
1790722357.8,,,0,0,196812,231116,0,0,30012,42568,0,0,45.1,0x0,nessuno,1432
1790722387.8,,,0,0,196980,231116,0,0,29276,42568,0,0,46.2,0x0,nessuno,1432
1790722417.8,,,0,0,197220,231116,0,0,29840,42568,0,0,45.1,0x0,nessuno,1432
1790722447.8,,,0,0,197084,231116,0,0,29772,42568,0,0,46.2,0x0,nessuno,1432
1790722477.9,,,0,0,196936,231116,0,0,29476,42568,0,0,45.1,0x0,nessuno,1432
1790722507.9,,,0,0,196996,231116,0,0,29408,42568,0,0,45.1,0x0,nessuno,1432
1790722537.9,,,0,0,196960,231116,0,0,29336,42568,0,0,45.6,0x0,nessuno,1432
1790722567.9,,,0,0,197016,231116,0,0,29912,42568,0,0,46.2,0x0,nessuno,1432
1790722597.9,,,0,0,197172,231116,0,0,29380,42568,0,0,45.1,0x0,nessuno,1432
1790722627.9,,,0,0,196964,231116,0,0,29464,42568,0,0,46.2,0x0,nessuno,1432
1790722657.9,,,0,0,197340,231116,0,0,28872,42568,0,0,45.6,0x0,nessuno,1432
1790722687.9,,,0,0,197132,231116,0,0,29820,42568,0,0,45.6,0x0,nessuno,1432
1790722717.9,,,0,0,197220,231116,0,0,29004,42568,0,0,45.6,0x0,nessuno,1432
1790722747.9,,,0,0,197156,231116,0,0,29696,42568,0,0,46.2,0x0,nessuno,1432
1790722778.0,,,0,0,197104,231116,0,0,28888,42568,0,0,46.2,0x0,nessuno,1432
1790722808.0,,,0,0,197084,231116,0,0,29232,42568,0,0,46.2,0x0,nessuno,1432
1790722838.0,,,0,0,196964,231116,0,0,28644,42568,0,0,46.2,0x0,nessuno,1432
1790722868.0,,,0,0,197116,231116,0,0,29720,42568,0,0,45.1,0x0,nessuno,1432
1790722898.0,,,0,0,197252,231116,0,0,28916,42568,0,0,45.6,0x0,nessuno,1432
1790722928.0,,,0,0,197220,231116,0,0,29700,42568,0,0,46.2,0x0,nessuno,1432
1790722958.0,,,0,0,197188,231116,0,0,28732,42568,0,0,46.2,0x0,nessuno,1432
1790722988.0,,,0,0,197376,231116,0,0,29208,42568,0,0,45.1,0x0,nessuno,1428
1790723018.0,,,0,0,197324,231116,0,0,29280,42568,0,0,46.2,0x0,nessuno,1428
1790723048.1,,,0,0,212896,235804,0,0,27804,42568,0,0,45.1,0x0,nessuno,5324
1790723078.1,,,0,0,213924,237408,0,0,29000,42568,0,0,45.1,0x0,nessuno,4788
1790723108.1,,,0,0,227984,237408,0,0,28148,42568,0,0,45.1,0x0,nessuno,6216
1790723138.1,,,0,0,227124,237408,0,0,26964,42568,0,0,45.6,0x0,nessuno,7564
1790723168.1,,,0,0,227260,237408,0,0,26784,42568,0,0,45.6,0x0,nessuno,7792
1790723198.1,,,0,0,226580,237408,0,0,27016,42568,0,0,45.6,0x0,nessuno,8592
1790723228.1,,,0,0,211220,237408,0,0,27736,42568,0,0,45.6,0x0,nessuno,9184
1790723258.1,,,0,0,211456,237408,0,0,26972,42568,0,0,45.6,0x0,nessuno,9184
1790723288.1,,,0,0,211244,237408,0,0,27740,42568,0,0,46.2,0x0,nessuno,9184
1790723318.1,,,0,0,211580,237408,0,0,26924,42568,0,0,45.1,0x0,nessuno,9184
1790723348.2,,,0,0,211444,237408,0,0,27076,42568,0,0,45.6,0x0,nessuno,9184
1790723378.2,,,0,0,211296,237408,0,0,27520,42568,0,0,46.2,0x0,nessuno,9184
1790723408.2,,,0,0,211324,237408,0,0,27572,42568,0,0,45.6,0x0,nessuno,9184
1790723438.2,,,0,0,211284,237408,0,0,27296,42568,0,0,45.6,0x0,nessuno,9184
1790723468.2,,,0,0,211252,237408,0,0,26824,42568,0,0,46.2,0x0,nessuno,9184
1790723498.2,,,0,0,211372,237408,0,0,26808,42568,0,0,46.2,0x0,nessuno,9184
1790723528.2,,,0,0,211480,237408,0,0,27144,42568,0,0,46.2,0x0,nessuno,9184
1790723558.2,,,0,0,211324,237408,0,0,27404,42568,0,0,46.2,0x0,nessuno,9184
1790723588.2,,,0,0,211020,237408,0,0,27528,42568,0,0,45.6,0x0,nessuno,9184
1790723618.2,,,0,0,211308,237408,0,0,27216,42568,0,0,46.2,0x0,nessuno,9184
1790723648.3,,,0,0,211520,237408,0,0,27732,42568,0,0,46.2,0x0,nessuno,9184
1790723678.3,,,0,0,211440,237408,0,0,27812,42568,0,0,46.2,0x0,nessuno,9184
1790723708.3,,,0,0,211672,237408,0,0,26776,42568,0,0,46.2,0x0,nessuno,9184
1790723738.3,,,0,0,211440,237408,0,0,27728,42568,0,0,46.2,0x0,nessuno,9184
1790723768.3,,,0,0,211392,237408,0,0,27780,42568,0,0,45.6,0x0,nessuno,9184
1790723798.3,,,0,0,211272,237408,0,0,27908,42568,0,0,46.2,0x0,nessuno,9184
1790723828.3,,,0,0,211312,237408,0,0,27268,42568,0,0,46.2,0x0,nessuno,9184
1790723858.3,,,0,0,211432,237408,0,0,27620,42568,0,0,46.2,0x0,nessuno,9184
1790723888.3,,,0,0,211448,237408,0,0,27556,42568,0,0,45.6,0x0,nessuno,9184
1790723918.4,,,0,0,211556,237408,0,0,27384,42568,0,0,46.2,0x0,nessuno,9184
1790723948.4,,,0,0,211324,237408,0,0,26804,42568,0,0,45.6,0x0,nessuno,9184
1790723978.4,,,0,0,211296,237408,0,0,27520,42568,0,0,46.2,0x0,nessuno,9184
1790724008.4,,,0,0,210980,237408,0,0,27860,42568,0,0,46.2,0x0,nessuno,9184
1790724038.4,,,0,0,211128,237408,0,0,27400,42568,0,0,45.6,0x0,nessuno,9184
1790724068.4,,,0,0,211188,237408,0,0,27420,42568,0,0,46.2,0x0,nessuno,9184
1790724098.4,,,0,0,211192,237408,0,0,27856,42568,0,0,46.2,0x0,nessuno,9184
1790724128.4,,,0,0,211260,237408,0,0,27496,42568,0,0,46.2,0x0,nessuno,9184
1790724158.4,,,0,0,211108,237408,0,0,26640,42568,0,0,45.6,0x0,nessuno,9184
1790724188.5,,,0,0,211224,237408,0,0,26812,42568,0,0,46.7,0x0,nessuno,9184
1790724218.5,,,0,0,211412,237408,0,0,27508,42568,0,0,45.6,0x0,nessuno,9184
1790724248.5,,,0,0,211600,237408,0,0,27560,42568,0,0,46.2,0x0,nessuno,9184
1790724278.5,,,0,0,211480,237408,0,0,27660,42568,0,0,46.2,0x0,nessuno,9184
1790724308.5,,,0,0,211380,237408,0,0,27124,42568,0,0,45.6,0x0,nessuno,9184
1790724338.5,,,0,0,211312,237408,0,0,27632,42568,0,0,45.6,0x0,nessuno,9184
1790724368.5,,,0,0,211444,237408,0,0,27392,42568,0,0,46.2,0x0,nessuno,9184
1790724398.5,,,0,0,211280,237408,0,0,26960,42568,0,0,45.6,0x0,nessuno,9184
1790724428.5,,,0,0,211348,237408,0,0,26640,42568,0,0,46.2,0x0,nessuno,9184
1790724458.6,,,0,0,211296,237408,0,0,26708,42568,0,0,46.2,0x0,nessuno,9184
1790724488.6,,,0,0,211256,237408,0,0,27892,42568,0,0,45.6,0x0,nessuno,9184
1790724518.6,,,0,0,211380,237408,0,0,27172,42568,0,0,45.1,0x0,nessuno,9184
1790724548.6,,,0,0,211176,237408,0,0,27692,42568,0,0,47.2,0x0,nessuno,9184
1790724578.6,,,0,0,211132,237408,0,0,26728,42568,0,0,46.2,0x0,nessuno,9184
1790724608.6,,,0,0,211464,237408,0,0,26980,42568,0,0,46.2,0x0,nessuno,9184
1790724638.6,,,0,0,211408,237408,0,0,27344,42568,0,0,45.6,0x0,nessuno,9184
1790724668.6,,,0,0,211280,237408,0,0,27648,42568,0,0,45.1,0x0,nessuno,9184
1790724698.7,,,0,0,211328,237408,0,0,28280,42568,0,0,46.2,0x0,nessuno,9184
1790724728.7,,,0,0,211428,237408,0,0,27020,42568,0,0,47.2,0x0,nessuno,9184
1790724758.7,,,0,0,211316,237408,0,0,27628,42568,0,0,45.6,0x0,nessuno,9184
1790724788.7,,,0,0,211612,237408,0,0,27508,42568,0,0,45.6,0x0,nessuno,9184
1790724818.7,,,0,0,211480,237408,0,0,27824,42568,0,0,46.2,0x0,nessuno,9184
1790724848.7,,,0,0,211412,237408,0,0,27180,42568,0,0,45.6,0x0,nessuno,9184
1790724878.7,,,0,0,211532,237408,0,0,27444,42568,0,0,45.6,0x0,nessuno,9184
1790724908.7,,,0,0,211376,237408,0,0,27672,42568,0,0,46.2,0x0,nessuno,9184
1790724938.7,,,0,0,211172,237408,0,0,27192,42568,0,0,46.7,0x0,nessuno,9184
1790724968.8,,,0,0,211548,237408,0,0,27676,42568,0,0,46.2,0x0,nessuno,9184
1790724998.8,,,0,0,211472,237408,0,0,27788,42568,0,0,46.2,0x0,nessuno,9184
1790725028.8,,,0,0,211336,237408,0,0,27140,42568,0,0,45.6,0x0,nessuno,9184
1790725058.8,,,0,0,211588,237408,0,0,27576,42568,0,0,46.2,0x0,nessuno,9184
1790725088.8,,,0,0,211436,237408,0,0,27616,42568,0,0,45.6,0x0,nessuno,9184
1790725118.8,,,0,0,211532,237408,0,0,27304,42568,0,0,46.2,0x0,nessuno,9184
1790725148.8,,,0,0,211484,237408,0,0,26896,42568,0,0,45.6,0x0,nessuno,9184
1790725178.8,,,0,0,211556,237408,0,0,27512,42568,0,0,46.2,0x0,nessuno,9184
1790725208.8,,,0,0,211172,237408,0,0,26992,42568,0,0,46.2,0x0,nessuno,9184
1790725238.9,,,0,0,211144,237408,0,0,27080,42568,0,0,45.6,0x0,nessuno,9184
1790725268.9,,,0,0,211556,237408,0,0,27376,42568,0,0,46.2,0x0,nessuno,9184
1790725298.9,,,0,0,211552,237408,0,0,27904,42568,0,0,46.2,0x0,nessuno,9184
1790725328.9,,,0,0,211244,237408,0,0,27512,42568,0,0,46.2,0x0,nessuno,9184
1790725358.9,,,0,0,211252,237408,0,0,27360,42568,0,0,46.2,0x0,nessuno,9184
1790725388.9,,,0,0,211536,237408,0,0,26852,42568,0,0,46.2,0x0,nessuno,9184
1790725418.9,,,0,0,211580,237408,0,0,27404,42568,0,0,45.1,0x0,nessuno,9184
1790725448.9,,,0,0,211272,237408,0,0,26976,42568,0,0,47.2,0x0,nessuno,9184
1790725478.9,,,0,0,211484,237408,0,0,27448,42568,0,0,46.7,0x0,nessuno,9184
1790725509.0,,,0,0,211372,237408,0,0,26784,42568,0,0,45.6,0x0,nessuno,9184
1790725539.0,,,0,0,211384,237408,0,0,27584,42568,0,0,45.6,0x0,nessuno,9184
1790725569.0,,,0,0,211336,237408,0,0,26788,42568,0,0,45.6,0x0,nessuno,9184
1790725599.0,,,0,0,211264,237408,0,0,27816,42568,0,0,45.6,0x0,nessuno,9184
1790725629.0,,,0,0,211016,237408,0,0,27368,42568,0,0,47.2,0x0,nessuno,9184
1790725659.0,,,0,0,211252,237408,0,0,27388,42568,0,0,46.2,0x0,nessuno,9184
1790725689.0,,,0,0,211184,237408,0,0,27912,42568,0,0,46.2,0x0,nessuno,9184
1790725719.0,,,0,0,211348,237408,0,0,27316,42568,0,0,45.6,0x0,nessuno,9184
1790725749.0,,,0,0,211532,237408,0,0,27396,42568,0,0,45.1,0x0,nessuno,9184
1790725779.1,,,0,0,211108,237408,0,0,27180,42568,0,0,46.2,0x0,nessuno,9184
1790725809.1,,,0,0,211476,237408,0,0,27428,42568,0,0,46.7,0x0,nessuno,9184
1790725839.1,,,0,0,211460,237408,0,0,27436,42568,0,0,45.1,0x0,nessuno,9184
1790725869.1,,,0,0,211240,237408,0,0,27544,42568,0,0,46.2,0x0,nessuno,9184
1790725899.1,,,0,0,211464,237408,0,0,26572,42568,0,0,45.6,0x0,nessuno,9184
1790725929.1,,,0,0,211376,237408,0,0,27744,42568,0,0,45.6,0x0,nessuno,9184
1790725959.1,,,0,0,211064,237408,0,0,27848,42568,0,0,45.6,0x0,nessuno,9184
1790725989.1,,,0,0,211472,237408,0,0,27328,42568,0,0,46.7,0x0,nessuno,9184
1790726019.2,,,0,0,211388,237408,0,0,27544,42568,0,0,45.6,0x0,nessuno,9184
1790726049.2,,,0,0,211032,237408,0,0,27616,42568,0,0,45.1,0x0,nessuno,9184
1790726079.2,,,0,0,211284,237408,0,0,28024,42568,0,0,45.6,0x0,nessuno,9184
1790726109.2,,,0,0,211688,237408,0,0,27504,42568,0,0,45.6,0x0,nessuno,9184
1790726139.2,,,0,0,211448,237408,0,0,27388,42568,0,0,45.6,0x0,nessuno,9184
1790726169.2,,,0,0,211564,237408,0,0,27792,42568,0,0,46.2,0x0,nessuno,9184
1790726199.2,,,0,0,211292,237408,0,0,27192,42568,0,0,45.6,0x0,nessuno,9184
1790726229.2,,,0,0,211404,237408,0,0,27796,42568,0,0,45.1,0x0,nessuno,9184
1790726259.2,,,0,0,211296,237408,0,0,27896,42568,0,0,46.2,0x0,nessuno,9184
1790726289.3,,,0,0,211288,237408,0,0,27628,42568,0,0,45.6,0x0,nessuno,9184
1790726319.3,,,0,0,211456,237408,0,0,27356,42568,0,0,45.6,0x0,nessuno,9184
1790726349.3,,,0,0,211460,237408,0,0,26784,42568,0,0,46.2,0x0,nessuno,9184
1790726379.3,,,0,0,211252,237408,0,0,27288,42568,0,0,46.2,0x0,nessuno,9184
1790726409.3,,,0,0,211448,237408,0,0,27420,42568,0,0,46.2,0x0,nessuno,9184
1790726439.3,,,0,0,211356,237408,0,0,27828,42568,0,0,46.2,0x0,nessuno,9184
1790726469.3,,,0,0,211340,237408,0,0,27664,42568,0,0,46.2,0x0,nessuno,9184
1790726499.3,,,0,0,211120,237408,0,0,27836,42568,0,0,45.6,0x0,nessuno,9184
1790726529.3,,,0,0,226552,237408,0,0,26432,42568,0,0,46.2,0x0,nessuno,9272
1790726559.4,,,0,0,211948,237408,0,0,26860,42568,0,0,45.1,0x0,nessuno,9632
1790726589.4,,,0,0,210940,237408,0,0,26152,42568,0,0,45.1,0x0,nessuno,10936
1790726619.4,,,0,0,211108,237408,0,0,26896,42568,0,0,45.1,0x0,nessuno,10772
1790726649.4,,,0,0,208176,237408,0,0,26616,42568,0,0,45.6,0x0,nessuno,14408
1790726679.4,,,0,0,224692,237408,0,0,26300,42568,0,0,45.1,0x0,nessuno,14396
1790726709.4,,,0,0,195292,244596,0,0,24128,42568,0,0,46.2,0x0,nessuno,31180
1790726739.4,,,0,0,210972,244596,0,0,24512,42568,0,0,44.0,0x0,nessuno,30596
1790726769.4,,,0,0,213348,244596,0,0,24840,42568,0,0,45.6,0x0,nessuno,28180
1790726799.4,,,0,0,198520,244596,0,0,24136,42568,0,0,44.0,0x0,nessuno,28180
1790726829.5,,,0,0,198540,244596,0,0,24336,42568,0,0,45.1,0x0,nessuno,28180
1790726859.5,,,0,0,198284,244596,0,0,24964,42568,0,0,45.1,0x0,nessuno,28180
1790726889.5,,,0,0,198404,244596,0,0,24504,42568,0,0,45.6,0x0,nessuno,28180
1790726919.5,,,0,0,198592,244596,0,0,24976,42568,0,0,45.6,0x0,nessuno,28180
1790726949.5,,,0,0,198384,244596,0,0,24220,42568,0,0,45.6,0x0,nessuno,28180
1790726979.5,,,0,0,198516,244596,0,0,24360,42568,0,0,45.6,0x0,nessuno,28180
1790727009.5,,,0,0,198312,244596,0,0,24448,42568,0,0,45.6,0x0,nessuno,28180
1790727039.6,,,0,0,198456,244596,0,0,24416,42568,0,0,45.6,0x0,nessuno,28180
1790727069.6,,,0,0,198488,244596,0,0,24484,42568,0,0,45.6,0x0,nessuno,28180
1790727099.6,,,0,0,198396,244596,0,0,24384,42568,0,0,45.6,0x0,nessuno,28180
1790727129.6,,,0,0,198228,244596,0,0,24780,42568,0,0,45.6,0x0,nessuno,28180
1790727159.6,,,0,0,198324,244596,0,0,24752,42568,0,0,45.6,0x0,nessuno,28180
1790727189.6,,,0,0,198532,244596,0,0,24636,42568,0,0,45.1,0x0,nessuno,28180
1790727219.6,,,0,0,198640,244596,0,0,23872,42568,0,0,45.6,0x0,nessuno,28180
1790727249.6,,,0,0,198284,244596,0,0,24180,42568,0,0,45.6,0x0,nessuno,28180
1790727279.6,,,0,0,198420,244596,0,0,24428,42568,0,0,46.2,0x0,nessuno,28180
1790727309.6,,,0,0,198276,244596,0,0,24416,42568,0,0,45.6,0x0,nessuno,28180
1790727339.7,,,0,0,198392,244596,0,0,24492,42568,0,0,46.2,0x0,nessuno,28180
1790727369.7,,,0,0,198260,244596,0,0,23908,42568,0,0,45.1,0x0,nessuno,28180
1790727399.7,,,0,0,198008,244596,0,0,24776,42568,0,0,46.2,0x0,nessuno,28180
1790727429.7,,,0,0,198512,244596,0,0,24504,42568,0,0,46.2,0x0,nessuno,28180
1790727459.7,,,0,0,198584,244596,0,0,24624,42568,0,0,46.2,0x0,nessuno,28180
1790727489.7,,,0,0,198420,244596,0,0,23932,42568,0,0,45.6,0x0,nessuno,28180
1790727519.7,,,0,0,198492,244596,0,0,24892,42568,0,0,46.2,0x0,nessuno,28180
1790727549.7,,,0,0,198404,244596,0,0,24672,42568,0,0,45.6,0x0,nessuno,28180
1790727579.7,,,0,0,198564,244596,0,0,24404,42568,0,0,46.2,0x0,nessuno,28180
1790727609.8,,,0,0,198432,244596,0,0,24472,42568,0,0,45.6,0x0,nessuno,28180
1790727639.8,,,0,0,198172,244596,0,0,24888,42568,0,0,45.1,0x0,nessuno,28180
1790727669.8,,,0,0,198584,244596,0,0,24056,42568,0,0,45.6,0x0,nessuno,28180
1790727699.8,,,0,0,198276,244596,0,0,24308,42568,0,0,45.6,0x0,nessuno,28180
1790727729.8,,,0,0,198620,244596,0,0,24216,42568,0,0,45.1,0x0,nessuno,28180
1790727759.8,,,0,0,198532,244596,0,0,24108,42568,0,0,45.6,0x0,nessuno,28180
1790727789.8,,,0,0,198616,244596,0,0,24536,42568,0,0,45.6,0x0,nessuno,28180
1790727819.8,,,0,0,198580,244596,0,0,24412,42568,0,0,45.1,0x0,nessuno,28180
1790727849.8,,,0,0,198492,244596,0,0,24528,42568,0,0,46.2,0x0,nessuno,28180
1790727879.8,,,0,0,198612,244596,0,0,24716,42568,0,0,45.6,0x0,nessuno,28180
1790727909.9,,,0,0,198716,244596,0,0,24952,42568,0,0,46.2,0x0,nessuno,28180
1790727939.9,,,0,0,198352,244596,0,0,25204,42568,0,0,46.2,0x0,nessuno,28180
1790727969.9,,,0,0,198520,244596,0,0,24376,42568,0,0,45.6,0x0,nessuno,28180
1790727999.9,,,0,0,198560,244596,0,0,24716,42568,0,0,45.6,0x0,nessuno,28180
1790728029.9,,,0,0,198368,244596,0,0,23556,42568,0,0,45.6,0x0,nessuno,28180
1790728059.9,,,0,0,198656,244596,0,0,23932,42568,0,0,46.2,0x0,nessuno,28180
1790728089.9,,,0,0,198632,244596,0,0,24356,42568,0,0,46.2,0x0,nessuno,28180
1790728119.9,,,0,0,198224,244596,0,0,24408,42568,0,0,45.6,0x0,nessuno,28180
1790728149.9,,,0,0,198600,244596,0,0,24432,42568,0,0,45.6,0x0,nessuno,28180
1790728180.0,,,0,0,198684,244596,0,0,24304,42568,0,0,46.2,0x0,nessuno,28180
1790728210.0,,,0,0,198484,244596,0,0,24632,42568,0,0,46.2,0x0,nessuno,28180
1790728240.0,,,0,0,198340,244596,0,0,24768,42568,0,0,45.6,0x0,nessuno,28180
1790728270.0,,,0,0,198276,244596,0,0,23916,42568,0,0,46.2,0x0,nessuno,28180
1790728300.0,,,0,0,198492,244596,0,0,23984,42568,0,0,45.1,0x0,nessuno,28180
1790728330.0,,,0,0,198608,244596,0,0,24676,42568,0,0,45.6,0x0,nessuno,28180
1790728360.0,,,0,0,198660,244596,0,0,24168,42568,0,0,45.1,0x0,nessuno,28180
1790728390.0,,,0,0,198456,244596,0,0,24540,42568,0,0,45.6,0x0,nessuno,28180
1790728420.0,,,0,0,198480,244596,0,0,24436,42568,0,0,46.2,0x0,nessuno,28180
1790728450.1,,,0,0,198564,244596,0,0,24524,42568,0,0,45.6,0x0,nessuno,28180
1790728480.1,,,0,0,198396,244596,0,0,23904,42568,0,0,45.6,0x0,nessuno,28180
1790728510.1,,,0,0,198492,244596,0,0,24408,42568,0,0,45.6,0x0,nessuno,28180
1790728540.1,,,0,0,198564,244596,0,0,24092,42568,0,0,45.6,0x0,nessuno,28180
1790728570.1,,,0,0,198384,244596,0,0,24208,42568,0,0,45.6,0x0,nessuno,28180
1790728600.1,,,0,0,198412,244596,0,0,24020,42568,0,0,46.2,0x0,nessuno,28180
1790728630.1,,,0,0,198648,244596,0,0,24084,42568,0,0,45.6,0x0,nessuno,28180
1790728660.1,,,0,0,198688,244596,0,0,24352,42568,0,0,45.6,0x0,nessuno,28180
1790728690.1,,,0,0,198076,244596,0,0,23708,42568,0,0,45.6,0x0,nessuno,28180
1790728720.2,,,0,0,198392,244596,0,0,24596,42568,0,0,45.6,0x0,nessuno,28180
1790728750.2,,,0,0,198320,244596,0,0,24064,42568,0,0,45.6,0x0,nessuno,28180
1790728780.2,,,0,0,198684,244596,0,0,24804,42568,0,0,46.2,0x0,nessuno,28180
1790728810.2,,,0,0,198576,244596,0,0,24672,42568,0,0,46.2,0x0,nessuno,28180
1790728840.2,,,0,0,198396,244596,0,0,24408,42568,0,0,46.2,0x0,nessuno,28180
1790728870.2,,,0,0,198508,244596,0,0,23968,42568,0,0,45.1,0x0,nessuno,28180
1790728900.2,,,0,0,198496,244596,0,0,24784,42568,0,0,46.2,0x0,nessuno,28180
1790728930.3,,,0,0,198404,244596,0,0,24380,42568,0,0,45.6,0x0,nessuno,28180
1790728960.3,,,0,0,198428,244596,0,0,24352,42568,0,0,45.6,0x0,nessuno,28180
1790728990.3,,,0,0,198044,244596,0,0,25132,42568,0,0,46.2,0x0,nessuno,28180
1790729020.3,,,0,0,198612,244596,0,0,24504,42568,0,0,45.6,0x0,nessuno,28180
1790729050.3,,,0,0,198536,244596,0,0,24688,42568,0,0,45.6,0x0,nessuno,28180
1790729080.3,,,0,0,198504,244596,0,0,24000,42568,0,0,46.2,0x0,nessuno,28180
1790729110.3,,,0,0,198556,244596,0,0,23904,42568,0,0,45.6,0x0,nessuno,28180
1790729140.3,,,0,0,198392,244596,0,0,23728,42568,0,0,46.2,0x0,nessuno,28180
1790729170.3,,,0,0,198432,244596,0,0,24104,42568,0,0,45.6,0x0,nessuno,28180
1790729200.3,,,0,0,198568,244596,0,0,24912,42568,0,0,45.6,0x0,nessuno,28180
1790729230.4,,,0,0,198352,244596,0,0,24684,42568,0,0,46.2,0x0,nessuno,28180
1790729260.4,,,0,0,198060,244596,0,0,24284,42568,0,0,46.2,0x0,nessuno,28180
1790729290.4,,,0,0,198188,244596,0,0,24204,42568,0,0,45.6,0x0,nessuno,28180
1790729320.4,,,0,0,198668,244596,0,0,24200,42568,0,0,46.2,0x0,nessuno,28180
1790729350.4,,,0,0,198456,244596,0,0,25028,42568,0,0,45.1,0x0,nessuno,28180
1790729380.4,,,0,0,198416,244596,0,0,23584,42568,0,0,45.6,0x0,nessuno,28180
1790729410.4,,,0,0,198584,244596,0,0,24968,42568,0,0,45.1,0x0,nessuno,28180
1790729440.4,,,0,0,198404,244596,0,0,23944,42568,0,0,46.2,0x0,nessuno,28180
1790729470.4,,,0,0,198616,244596,0,0,24520,42568,0,0,45.6,0x0,nessuno,28180
1790729500.4,,,0,0,198700,244596,0,0,24632,42568,0,0,46.2,0x0,nessuno,28180
1790729530.5,,,0,0,198516,244596,0,0,24920,42568,0,0,46.2,0x0,nessuno,28180
1790729560.5,,,0,0,198560,244596,0,0,24588,42568,0,0,45.6,0x0,nessuno,28180
1790729590.5,,,0,0,198460,244596,0,0,23612,42568,0,0,45.6,0x0,nessuno,28180
1790729620.5,,,0,0,198200,244596,0,0,24160,42568,0,0,46.2,0x0,nessuno,28180
1790729650.5,,,0,0,198536,244596,0,0,23620,42568,0,0,46.2,0x0,nessuno,28180
1790729680.5,,,0,0,198056,244596,0,0,24720,42568,0,0,45.6,0x0,nessuno,28180
1790729710.5,,,0,0,198384,244596,0,0,24264,42568,0,0,46.2,0x0,nessuno,28180
1790729740.5,,,0,0,198780,244596,0,0,24164,42568,0,0,45.6,0x0,nessuno,28180
1790729770.5,,,0,0,198568,244596,0,0,23964,42568,0,0,45.6,0x0,nessuno,28180
1790729800.5,,,0,0,198548,244596,0,0,24876,42568,0,0,46.2,0x0,nessuno,28180
1790729830.6,,,0,0,198644,244596,0,0,24292,42568,0,0,45.6,0x0,nessuno,28180
1790729860.6,,,0,0,198536,244596,0,0,24824,42568,0,0,46.2,0x0,nessuno,28180
1790729890.6,,,0,0,198516,244596,0,0,23800,42568,0,0,46.2,0x0,nessuno,28180
1790729920.6,,,0,0,198640,244596,0,0,24408,42568,0,0,46.2,0x0,nessuno,28180
1790729950.6,,,0,0,198676,244596,0,0,24660,42568,0,0,45.6,0x0,nessuno,28180
1790729980.6,,,0,0,198228,244596,0,0,24380,42568,0,0,46.2,0x0,nessuno,28180
1790730010.6,,,0,0,198548,244596,0,0,23944,42568,0,0,45.6,0x0,nessuno,28180
1790730040.6,,,0,0,198512,244596,0,0,23884,42568,0,0,45.6,0x0,nessuno,28180
1790730070.6,,,0,0,198544,244596,0,0,24512,42568,0,0,46.2,0x0,nessuno,28180
1790730100.7,,,0,0,198264,244596,0,0,24808,42568,0,0,45.6,0x0,nessuno,28180
1790730130.7,,,0,0,207856,244596,0,0,23768,42568,0,0,44.5,0x0,nessuno,26760
1790730160.7,,,0,0,216324,244596,0,0,24408,42568,0,0,45.6,0x0,nessuno,26756
1790730190.7,,,0,0,213876,244596,0,0,23672,42568,0,0,45.6,0x0,nessuno,27476
1790730220.7,,,0,0,199820,244596,0,0,24224,42568,0,0,45.1,0x0,nessuno,27516
1790730250.7,,,0,0,199144,244596,0,0,24244,42568,0,0,43.5,0x0,nessuno,27988
1790730280.7,,,0,0,199572,244596,0,0,24404,42568,0,0,45.1,0x0,nessuno,27840
1790730310.7,,,0,0,199364,244596,0,0,24088,42568,0,0,44.5,0x0,nessuno,27832
1790730340.8,,,0,0,199384,244596,0,0,24048,42568,0,0,44.0,0x0,nessuno,27956
1790730370.8,,,0,0,199528,244596,0,0,23732,42568,0,0,45.1,0x0,nessuno,27836
1790730400.8,,,0,0,200028,244596,0,0,23640,42568,0,0,45.1,0x0,nessuno,27440
1790730430.8,,,0,0,200008,244596,0,0,24028,42568,0,0,44.0,0x0,nessuno,27392
1790730460.8,,,0,0,199856,244596,0,0,23272,42568,0,0,45.1,0x0,nessuno,27348
1790730490.8,,,0,0,199792,244596,0,0,24212,42568,0,0,45.1,0x0,nessuno,27348
1790730520.8,,,0,0,200116,244596,0,0,24288,42568,0,0,45.1,0x0,nessuno,27348
1790730550.8,,,0,0,200012,244596,0,0,23328,42568,0,0,45.1,0x0,nessuno,27348
1790730580.8,,,0,0,200016,244596,0,0,24212,42568,0,0,45.1,0x0,nessuno,27348
1790730610.8,,,0,0,200156,244596,0,0,24236,42568,0,0,45.6,0x0,nessuno,27348
1790730640.9,,,0,0,199952,244596,0,0,23796,42568,0,0,45.1,0x0,nessuno,27348
1790730670.9,,,0,0,200088,244596,0,0,24196,42568,0,0,45.1,0x0,nessuno,27348
1790730700.9,,,0,0,199868,244596,0,0,24076,42568,0,0,45.6,0x0,nessuno,27348
1790730730.9,,,0,0,200040,244596,0,0,23776,42568,0,0,45.1,0x0,nessuno,27348
1790730760.9,,,0,0,199772,244596,0,0,23860,42568,0,0,46.2,0x0,nessuno,27348
1790730790.9,,,0,0,199964,244596,0,0,24088,42568,0,0,46.2,0x0,nessuno,27348
1790730820.9,,,0,0,200168,244596,0,0,24196,42568,0,0,45.6,0x0,nessuno,27348
1790730850.9,,,0,0,200024,244596,0,0,23752,42568,0,0,45.6,0x0,nessuno,27348
1790730880.9,,,0,0,199948,244596,0,0,24408,42568,0,0,45.1,0x0,nessuno,27348
1790730911.0,,,0,0,200244,244596,0,0,24128,42568,0,0,45.6,0x0,nessuno,27348
1790730941.0,,,0,0,200164,244596,0,0,24044,42568,0,0,46.2,0x0,nessuno,27348
1790730971.0,,,0,0,200184,244596,0,0,24108,42568,0,0,45.6,0x0,nessuno,27348
1790731001.0,,,0,0,200060,244596,0,0,23364,42568,0,0,45.6,0x0,nessuno,27348
1790731031.0,,,0,0,199896,244596,0,0,24332,42568,0,0,46.2,0x0,nessuno,27348
1790731061.0,,,0,0,200104,244596,0,0,24508,42568,0,0,45.6,0x0,nessuno,27348
1790731091.0,,,0,0,200172,244596,0,0,24016,42568,0,0,45.6,0x0,nessuno,27348
1790731121.0,,,0,0,199760,244596,0,0,24156,42568,0,0,45.6,0x0,nessuno,27348
1790731151.1,,,0,0,200236,244596,0,0,24440,42568,0,0,46.2,0x0,nessuno,27348
1790731181.1,,,0,0,199992,244596,0,0,23776,42568,0,0,45.1,0x0,nessuno,27348
1790731211.1,,,0,0,199912,244596,0,0,23492,42568,0,0,45.6,0x0,nessuno,27348
1790731241.1,,,0,0,199964,244596,0,0,23592,42568,0,0,46.2,0x0,nessuno,27348
1790731271.1,,,0,0,200276,244596,0,0,24144,42568,0,0,45.1,0x0,nessuno,27348
1790731301.1,,,0,0,199760,244596,0,0,23712,42568,0,0,45.6,0x0,nessuno,27348
1790731331.1,,,0,0,200088,244596,0,0,24568,42568,0,0,45.6,0x0,nessuno,27348
1790731361.1,,,0,0,200236,244596,0,0,23792,42568,0,0,45.1,0x0,nessuno,27348
1790731391.1,,,0,0,199944,244596,0,0,24236,42568,0,0,45.6,0x0,nessuno,27348
1790731421.2,,,0,0,200092,244596,0,0,24052,42568,0,0,46.2,0x0,nessuno,27348
1790731451.2,,,0,0,200056,244596,0,0,23372,42568,0,0,46.2,0x0,nessuno,27348
1790731481.2,,,0,0,199908,244596,0,0,24236,42568,0,0,45.6,0x0,nessuno,27348
1790731511.2,,,0,0,200052,244596,0,0,23708,42568,0,0,46.2,0x0,nessuno,27348
1790731541.2,,,0,0,199860,244596,0,0,24440,42568,0,0,45.6,0x0,nessuno,27348
1790731571.2,,,0,0,200148,244596,0,0,24420,42568,0,0,45.6,0x0,nessuno,27348
1790731601.2,,,0,0,200228,244596,0,0,23908,42568,0,0,46.2,0x0,nessuno,27348
1790731631.2,,,0,0,200060,244596,0,0,23440,42568,0,0,46.2,0x0,nessuno,27348
1790731661.2,,,0,0,200336,244596,0,0,23712,42568,0,0,46.2,0x0,nessuno,27348
1790731691.3,,,0,0,200120,244596,0,0,24332,42568,0,0,45.6,0x0,nessuno,27348
1790731721.3,,,0,0,199932,244596,0,0,23432,42568,0,0,45.6,0x0,nessuno,27348
1790731751.3,,,0,0,200132,244596,0,0,23340,42568,0,0,46.2,0x0,nessuno,27348
1790731781.3,,,0,0,200092,244596,0,0,23984,42568,0,0,46.2,0x0,nessuno,27348
1790731811.3,,,0,0,200156,244596,0,0,24224,42568,0,0,45.6,0x0,nessuno,27348
1790731841.3,,,0,0,200012,244596,0,0,24500,42568,0,0,45.6,0x0,nessuno,27348
1790731871.3,,,0,0,200244,244596,0,0,23396,42568,0,0,45.6,0x0,nessuno,27348
1790731901.3,,,0,0,199892,244596,0,0,24400,42568,0,0,45.1,0x0,nessuno,27348
1790731931.3,,,0,0,200124,244596,0,0,23940,42568,0,0,45.6,0x0,nessuno,27348
1790731961.3,,,0,0,200220,244596,0,0,23496,42568,0,0,45.1,0x0,nessuno,27348
1790731991.3,,,0,0,200056,244596,0,0,24360,42568,0,0,46.2,0x0,nessuno,27348
1790732021.4,,,0,0,199972,244596,0,0,24360,42568,0,0,46.2,0x0,nessuno,27348
1790732051.4,,,0,0,200104,244596,0,0,23976,42568,0,0,45.1,0x0,nessuno,27348
1790732081.4,,,0,0,199740,244596,0,0,24356,42568,0,0,46.2,0x0,nessuno,27348
1790732111.4,,,0,0,199876,244596,0,0,23884,42568,0,0,45.6,0x0,nessuno,27348
1790732141.4,,,0,0,200112,244596,0,0,24212,42568,0,0,45.6,0x0,nessuno,27348
1790732171.4,,,0,0,199916,244596,0,0,23284,42568,0,0,45.6,0x0,nessuno,27348
1790732201.4,,,0,0,200028,244596,0,0,24136,42568,0,0,45.6,0x0,nessuno,27348
1790732231.4,,,0,0,200156,244596,0,0,23128,42568,0,0,45.6,0x0,nessuno,27348
1790732261.4,,,0,0,200196,244596,0,0,24160,42568,0,0,45.1,0x0,nessuno,27348
1790732291.5,,,0,0,200144,244596,0,0,24156,42568,0,0,45.6,0x0,nessuno,27348
1790732321.5,,,0,0,200332,244596,0,0,24540,42568,0,0,45.6,0x0,nessuno,27348
1790732351.5,,,0,0,200196,244596,0,0,23468,42568,0,0,45.1,0x0,nessuno,27348
1790732381.5,,,0,0,200112,244596,0,0,24304,42568,0,0,45.1,0x0,nessuno,27348
1790732411.5,,,0,0,200188,244596,0,0,23648,42568,0,0,45.6,0x0,nessuno,27348
1790732441.5,,,0,0,200084,244596,0,0,23772,42568,0,0,45.6,0x0,nessuno,27348
1790732471.5,,,0,0,200160,244596,0,0,24360,42568,0,0,45.6,0x0,nessuno,27348
1790732501.5,,,0,0,199836,244596,0,0,23768,42568,0,0,45.1,0x0,nessuno,27348
1790732531.5,,,0,0,200232,244596,0,0,24312,42568,0,0,45.6,0x0,nessuno,27348
1790732561.6,,,0,0,200112,244596,0,0,24636,42568,0,0,45.6,0x0,nessuno,27348
1790732591.6,,,0,0,199924,244596,0,0,23812,42568,0,0,46.2,0x0,nessuno,27348
1790732621.6,,,0,0,200020,244596,0,0,24024,42568,0,0,45.6,0x0,nessuno,27348
1790732651.6,,,0,0,200180,244596,0,0,24124,42568,0,0,45.6,0x0,nessuno,27348
1790732681.6,,,0,0,200188,244596,0,0,24260,42568,0,0,46.2,0x0,nessuno,27348
1790732711.6,,,0,0,200152,244596,0,0,23560,42568,0,0,45.6,0x0,nessuno,27348
1790732741.6,,,0,0,200308,244596,0,0,23328,42568,0,0,46.2,0x0,nessuno,27348
1790732771.6,,,0,0,200152,244596,0,0,24412,42568,0,0,45.6,0x0,nessuno,27348
1790732801.6,,,0,0,200224,244596,0,0,24012,42568,0,0,45.6,0x0,nessuno,27348
1790732831.7,,,0,0,200120,244596,0,0,24384,42568,0,0,45.6,0x0,nessuno,27348
1790732861.7,,,0,0,200092,244596,0,0,23784,42568,0,0,46.2,0x0,nessuno,27348
1790732891.7,,,0,0,200208,244596,0,0,23620,42568,0,0,45.6,0x0,nessuno,27348
1790732921.7,,,0,0,199964,244596,0,0,24620,42568,0,0,45.6,0x0,nessuno,27348
1790732951.7,,,0,0,200060,244596,0,0,23508,42568,0,0,45.6,0x0,nessuno,27348
1790732981.7,,,0,0,199848,244596,0,0,23892,42568,0,0,45.1,0x0,nessuno,27348
1790733011.7,,,0,0,199940,244596,0,0,24168,42568,0,0,45.1,0x0,nessuno,27348
1790733041.7,,,0,0,200120,244596,0,0,24484,42568,0,0,45.1,0x0,nessuno,27348
1790733071.7,,,0,0,200148,244596,0,0,23992,42568,0,0,45.1,0x0,nessuno,27348
1790733101.8,,,0,0,200040,244596,0,0,24472,42568,0,0,45.6,0x0,nessuno,27348
1790733131.8,,,0,0,199684,244596,0,0,24220,42568,0,0,45.6,0x0,nessuno,27348
1790733161.8,,,0,0,200092,244596,0,0,23764,42568,0,0,45.1,0x0,nessuno,27348
1790733191.8,,,0,0,200272,244596,0,0,23480,42568,0,0,45.6,0x0,nessuno,27348
1790733221.8,,,0,0,200060,244596,0,0,24672,42568,0,0,46.2,0x0,nessuno,27348
1790733251.8,,,0,0,199644,244596,0,0,24288,42568,0,0,45.6,0x0,nessuno,27348
1790733281.8,,,0,0,199740,244596,0,0,23612,42568,0,0,45.6,0x0,nessuno,27348
1790733311.8,,,0,0,200084,244596,0,0,23416,42568,0,0,45.6,0x0,nessuno,27348
1790733341.8,,,0,0,200100,244596,0,0,23564,42568,0,0,46.2,0x0,nessuno,27348
1790733371.8,,,0,0,200108,244596,0,0,23984,42568,0,0,45.6,0x0,nessuno,27348
1790733401.9,,,0,0,200064,244596,0,0,23900,42568,0,0,46.2,0x0,nessuno,27348
1790733431.9,,,0,0,199984,244596,0,0,23760,42568,0,0,45.6,0x0,nessuno,27348
1790733461.9,,,0,0,199860,244596,0,0,24080,42568,0,0,45.6,0x0,nessuno,27348
1790733491.9,,,0,0,199940,244596,0,0,23536,42568,0,0,45.6,0x0,nessuno,27348
1790733521.9,,,0,0,200084,244596,0,0,24540,42568,0,0,46.2,0x0,nessuno,27348
1790733551.9,,,0,0,200132,244596,0,0,24628,42568,0,0,45.6,0x0,nessuno,27348
1790733581.9,,,0,0,200164,244596,0,0,23620,42568,0,0,46.2,0x0,nessuno,27348
1790733611.9,,,0,0,200372,244596,0,0,24304,42568,0,0,46.2,0x0,nessuno,27348
1790733641.9,,,0,0,200164,244596,0,0,24016,42568,0,0,46.2,0x0,nessuno,27348
1790733672.0,,,0,0,200356,244596,0,0,24316,42568,0,0,45.6,0x0,nessuno,27348
1790733702.0,,,0,0,200204,244596,0,0,23524,42568,0,0,46.2,0x0,nessuno,27348
1790733732.0,,,0,0,200336,244596,0,0,24260,42568,0,0,45.1,0x0,nessuno,27348
1790733762.0,,,0,0,200164,244596,0,0,23804,42568,0,0,46.2,0x0,nessuno,27476
1790733792.0,,,0,0,199304,244596,0,0,23064,42568,0,0,45.1,0x0,nessuno,28276
1790733822.0,,,0,0,199320,244596,0,0,24180,42568,0,0,45.1,0x0,nessuno,28496
1790733852.0,,,0,0,193704,244596,0,0,18172,42568,0,0,45.6,0x0,nessuno,38752
1790733882.0,,,0,0,193692,244596,0,0,17688,42568,0,0,45.1,0x0,nessuno,38676
1790733912.1,,,0,0,208880,244596,0,0,17192,42568,0,0,46.2,0x0,nessuno,38648
1790733942.1,,,0,0,202460,244596,0,0,18084,42568,0,0,45.1,0x0,nessuno,38628
1790733972.1,,,0,0,194364,244596,0,0,18176,42568,0,0,45.6,0x0,nessuno,38628
1790734002.1,,,0,0,194868,244596,0,0,17888,42568,0,0,45.1,0x0,nessuno,38628
1790734032.1,,,0,0,194604,244596,0,0,17544,42568,0,0,45.1,0x0,nessuno,38628
1790734062.1,,,0,0,195016,244596,0,0,17660,42568,0,0,45.1,0x0,nessuno,38628
1790734092.1,,,0,0,194540,244596,0,0,17848,42568,0,0,45.1,0x0,nessuno,38628
1790734122.1,,,0,0,194644,244596,0,0,17936,42568,0,0,45.6,0x0,nessuno,38628
1790734152.1,,,0,0,194424,244596,0,0,17836,42568,0,0,45.1,0x0,nessuno,38628
1790734182.1,,,0,0,194496,244596,0,0,17744,42568,0,0,45.6,0x0,nessuno,38496
1790734212.2,,,0,0,194744,244596,0,0,17524,42568,0,0,45.6,0x0,nessuno,38496
1790734242.2,,,0,0,194436,244596,0,0,18264,42568,0,0,45.6,0x0,nessuno,38496
1790734272.2,,,0,0,194816,244596,0,0,17348,42568,0,0,45.6,0x0,nessuno,38496
1790734302.2,,,0,0,194736,244596,0,0,18020,42568,0,0,46.2,0x0,nessuno,38496
1790734332.2,,,0,0,194432,244596,0,0,18128,42568,0,0,45.6,0x0,nessuno,38496
1790734362.2,,,0,0,194636,244596,0,0,17628,42568,0,0,45.6,0x0,nessuno,38496
1790734392.2,,,0,0,194436,244596,0,0,17536,42568,0,0,45.1,0x0,nessuno,38496
1790734422.2,,,0,0,194916,244596,0,0,18052,42568,0,0,45.1,0x0,nessuno,38496
1790734452.2,,,0,0,194976,244596,0,0,18284,42568,0,0,45.6,0x0,nessuno,38496
1790734482.2,,,0,0,194552,244596,0,0,17940,42568,0,0,45.6,0x0,nessuno,38496
1790734512.3,,,0,0,194960,244596,0,0,18296,42568,0,0,46.2,0x0,nessuno,38496
1790734542.3,,,0,0,194596,244596,0,0,17332,42568,0,0,45.6,0x0,nessuno,38496
1790734572.3,,,0,0,194772,244596,0,0,17608,42568,0,0,46.2,0x0,nessuno,38496
1790734602.3,,,0,0,194636,244596,0,0,18328,42568,0,0,45.6,0x0,nessuno,38496
1790734632.3,,,0,0,195032,244596,0,0,17268,42568,0,0,45.1,0x0,nessuno,38496
1790734662.3,,,0,0,194764,244596,0,0,18232,42568,0,0,46.2,0x0,nessuno,38496
1790734692.3,,,0,0,194664,244596,0,0,18244,42568,0,0,45.6,0x0,nessuno,38496
1790734722.3,,,0,0,194964,244596,0,0,17544,42568,0,0,45.1,0x0,nessuno,38496
1790734752.3,,,0,0,194796,244596,0,0,18072,42568,0,0,45.6,0x0,nessuno,38496
1790734782.4,,,0,0,194976,244596,0,0,17972,42568,0,0,46.2,0x0,nessuno,38496
1790734812.4,,,0,0,194796,244596,0,0,18136,42568,0,0,45.6,0x0,nessuno,38496
1790734842.4,,,0,0,194728,244596,0,0,17848,42568,0,0,46.2,0x0,nessuno,38496
1790734872.4,,,0,0,194708,244596,0,0,17292,42568,0,0,45.6,0x0,nessuno,38496
1790734902.4,,,0,0,195012,244596,0,0,17596,42568,0,0,46.2,0x0,nessuno,38496
1790734932.4,,,0,0,194912,244596,0,0,17980,42568,0,0,45.1,0x0,nessuno,38496
1790734962.4,,,0,0,194652,244596,0,0,17468,42568,0,0,45.6,0x0,nessuno,38496
1790734992.4,,,0,0,194860,244596,0,0,17928,42568,0,0,45.1,0x0,nessuno,38496
1790735022.5,,,0,0,194532,244596,0,0,18056,42568,0,0,46.2,0x0,nessuno,38496
1790735052.5,,,0,0,194776,244596,0,0,17960,42568,0,0,45.6,0x0,nessuno,38492
1790735082.5,,,0,0,194600,244596,0,0,17888,42568,0,0,45.1,0x0,nessuno,38492
1790735112.5,,,0,0,195068,244596,0,0,17036,42568,0,0,45.1,0x0,nessuno,38492
1790735142.5,,,0,0,194608,244596,0,0,17832,42568,0,0,45.6,0x0,nessuno,38492
1790735172.5,,,0,0,194824,244596,0,0,17776,42568,0,0,45.1,0x0,nessuno,38492
1790735202.5,,,0,0,194648,244596,0,0,17244,42568,0,0,45.6,0x0,nessuno,38492
1790735232.5,,,0,0,194812,244596,0,0,17816,42568,0,0,45.1,0x0,nessuno,38492
1790735262.5,,,0,0,194652,244596,0,0,18212,42568,0,0,45.6,0x0,nessuno,38492
1790735292.5,,,0,0,194908,244596,0,0,18072,42568,0,0,45.1,0x0,nessuno,38492
1790735322.6,,,0,0,195024,244596,0,0,17400,42568,0,0,46.2,0x0,nessuno,38492
1790735352.6,,,0,0,194552,244596,0,0,17292,42568,0,0,45.6,0x0,nessuno,38492
1790735382.6,,,0,0,194620,244596,0,0,17896,42568,0,0,45.6,0x0,nessuno,38492
1790735412.6,,,0,0,194716,244596,0,0,17212,42568,0,0,45.6,0x0,nessuno,38492
1790735442.6,,,0,0,194992,244596,0,0,18180,42568,0,0,45.1,0x0,nessuno,38492
1790735472.6,,,0,0,194824,244596,0,0,17264,42568,0,0,45.6,0x0,nessuno,38492
1790735502.6,,,0,0,194664,244596,0,0,17328,42568,0,0,45.6,0x0,nessuno,38492
1790735532.6,,,0,0,194792,244596,0,0,17964,42568,0,0,45.1,0x0,nessuno,38492
1790735562.7,,,0,0,195060,244596,0,0,17744,42568,0,0,46.2,0x0,nessuno,38492
1790735592.7,,,0,0,194676,244596,0,0,18136,42568,0,0,45.6,0x0,nessuno,38492
1790735622.7,,,0,0,194796,244596,0,0,17384,42568,0,0,45.6,0x0,nessuno,38492
1790735652.7,,,0,0,194948,244596,0,0,18140,42568,0,0,45.6,0x0,nessuno,38492
1790735682.7,,,0,0,194608,244596,0,0,18480,42568,0,0,45.6,0x0,nessuno,38492
1790735712.7,,,0,0,194720,244596,0,0,18112,42568,0,0,45.6,0x0,nessuno,38492
1790735742.7,,,0,0,194852,244596,0,0,17220,42568,0,0,46.7,0x0,nessuno,38492
1790735772.7,,,0,0,194996,244596,0,0,17608,42568,0,0,45.1,0x0,nessuno,38492
1790735802.7,,,0,0,194892,244596,0,0,17016,42568,0,0,45.6,0x0,nessuno,38492
1790735832.8,,,0,0,194724,244596,0,0,17280,42568,0,0,45.6,0x0,nessuno,38492
1790735862.8,,,0,0,194892,244596,0,0,17944,42568,0,0,45.1,0x0,nessuno,38492
1790735892.8,,,0,0,194648,244596,0,0,17732,42568,0,0,45.6,0x0,nessuno,38492
1790735922.8,,,0,0,194692,244596,0,0,17564,42568,0,0,46.2,0x0,nessuno,38492
1790735952.8,,,0,0,194884,244596,0,0,17908,42568,0,0,46.2,0x0,nessuno,38492
1790735982.8,,,0,0,194832,244596,0,0,16980,42568,0,0,45.6,0x0,nessuno,38492
1790736012.8,,,0,0,194868,244596,0,0,18216,42568,0,0,45.6,0x0,nessuno,38492
1790736042.8,,,0,0,194776,244596,0,0,17716,42568,0,0,45.6,0x0,nessuno,38492
1790736072.8,,,0,0,194792,244596,0,0,17736,42568,0,0,45.1,0x0,nessuno,38492
1790736102.9,,,0,0,194744,244596,0,0,17752,42568,0,0,46.2,0x0,nessuno,38492
1790736132.9,,,0,0,194640,244596,0,0,17888,42568,0,0,45.6,0x0,nessuno,38492
1790736162.9,,,0,0,194840,244596,0,0,17340,42568,0,0,45.6,0x0,nessuno,38492
1790736192.9,,,0,0,194804,244596,0,0,17596,42568,0,0,45.6,0x0,nessuno,38492
1790736222.9,,,0,0,194608,244596,0,0,18012,42568,0,0,45.1,0x0,nessuno,38492
1790736252.9,,,0,0,194772,244596,0,0,17968,42568,0,0,45.1,0x0,nessuno,38492
1790736282.9,,,0,0,194968,244596,0,0,17944,42568,0,0,46.2,0x0,nessuno,38492
1790736312.9,,,0,0,194756,244596,0,0,18124,42568,0,0,45.6,0x0,nessuno,38492
1790736342.9,,,0,0,194804,244596,0,0,17916,42568,0,0,46.2,0x0,nessuno,38492
1790736373.0,,,0,0,195076,244596,0,0,17944,42568,0,0,45.6,0x0,nessuno,38492
1790736403.0,,,0,0,194900,244596,0,0,18072,42568,0,0,45.6,0x0,nessuno,38492
1790736433.0,,,0,0,194980,244596,0,0,18104,42568,0,0,45.6,0x0,nessuno,38492
1790736463.0,,,0,0,194864,244596,0,0,17632,42568,0,0,46.7,0x0,nessuno,38492
1790736493.0,,,0,0,194732,244596,0,0,17656,42568,0,0,45.6,0x0,nessuno,38492
1790736523.0,,,0,0,195048,244596,0,0,17340,42568,0,0,45.6,0x0,nessuno,38492
1790736553.0,,,0,0,195012,244596,0,0,17020,42568,0,0,45.6,0x0,nessuno,38492
1790736583.0,,,0,0,194576,244596,0,0,18000,42568,0,0,45.1,0x0,nessuno,38492
1790736613.1,,,0,0,194956,244596,0,0,17388,42568,0,0,45.1,0x0,nessuno,38492
1790736643.1,,,0,0,194816,244596,0,0,17572,42568,0,0,46.7,0x0,nessuno,38492
1790736673.1,,,0,0,194784,244596,0,0,17516,42568,0,0,45.6,0x0,nessuno,38492
1790736703.1,,,0,0,194828,244596,0,0,17796,42568,0,0,45.1,0x0,nessuno,38492
1790736733.1,,,0,0,194684,244596,0,0,17484,42568,0,0,45.6,0x0,nessuno,38492
1790736763.1,,,0,0,194892,244596,0,0,18020,42568,0,0,45.1,0x0,nessuno,38492
1790736793.1,,,0,0,194780,244596,0,0,17940,42568,0,0,45.6,0x0,nessuno,38492
1790736823.1,,,0,0,194604,244596,0,0,17832,42568,0,0,45.6,0x0,nessuno,38492
1790736853.1,,,0,0,194540,244596,0,0,17784,42568,0,0,46.2,0x0,nessuno,38492
1790736883.2,,,0,0,194580,244596,0,0,18172,42568,0,0,45.1,0x0,nessuno,38492
1790736913.2,,,0,0,195084,244596,0,0,17516,42568,0,0,45.1,0x0,nessuno,38492
1790736943.2,,,0,0,194880,244596,0,0,17740,42568,0,0,45.1,0x0,nessuno,38492
1790736973.2,,,0,0,195080,244596,0,0,17708,42568,0,0,45.1,0x0,nessuno,38492
1790737003.2,,,0,0,194680,244596,0,0,17356,42568,0,0,46.2,0x0,nessuno,38492
1790737033.2,,,0,0,194852,244596,0,0,17784,42568,0,0,45.1,0x0,nessuno,38492
1790737063.2,,,0,0,194880,244596,0,0,17484,42568,0,0,45.1,0x0,nessuno,38492
1790737093.2,,,0,0,194724,244596,0,0,16972,42568,0,0,45.6,0x0,nessuno,38492
1790737123.2,,,0,0,194748,244596,0,0,18104,42568,0,0,45.1,0x0,nessuno,38492
1790737153.2,,,0,0,194852,244596,0,0,17384,42568,0,0,45.6,0x0,nessuno,38492
1790737183.3,,,0,0,194820,244596,0,0,18176,42568,0,0,46.2,0x0,nessuno,38492
1790737213.3,,,0,0,194704,244596,0,0,17900,42568,0,0,45.6,0x0,nessuno,38492
1790737243.3,,,0,0,194460,244596,0,0,17468,42568,0,0,45.6,0x0,nessuno,38492
1790737273.3,,,0,0,194884,244596,0,0,17780,42568,0,0,45.1,0x0,nessuno,38492
1790737303.3,,,0,0,194964,244596,0,0,17908,42568,0,0,44.5,0x0,nessuno,38492
1790737333.3,,,0,0,194700,244596,0,0,17136,42568,0,0,45.6,0x0,nessuno,38472
1790737363.3,,,0,0,194964,244596,0,0,17968,42568,0,0,45.6,0x0,nessuno,38460
1790737393.3,,,0,0,209912,244596,0,0,17936,42568,0,0,45.1,0x0,nessuno,38408
1790737423.3,,,0,0,210096,244596,0,0,17068,42568,0,0,45.1,0x0,nessuno,38404
1790737453.4,,,0,0,195084,244596,0,0,17780,42568,0,0,45.1,0x0,nessuno,38392
1790737483.4,,,0,0,194836,244596,0,0,17784,42568,0,0,45.1,0x0,nessuno,38388
1790737513.4,,,0,0,194988,244596,0,0,17624,42568,0,0,45.1,0x0,nessuno,39796
1790737543.4,,,0,0,210052,244596,0,0,18452,42568,0,0,45.6,0x0,nessuno,39788
1790737573.4,,,0,0,195308,244596,0,0,17660,42568,0,0,45.1,0x0,nessuno,39556
1790737603.4,,,0,0,195192,244596,0,0,17924,42568,0,0,45.1,0x0,nessuno,39552
1790737633.4,,,0,0,195308,244596,0,0,17476,42568,0,0,45.1,0x0,nessuno,39552
1790737663.4,,,0,0,195312,244596,0,0,17864,42568,0,0,45.1,0x0,nessuno,39552
1790737693.4,,,0,0,195276,244596,0,0,17632,42568,0,0,45.6,0x0,nessuno,39552
1790737723.5,,,0,0,195168,244596,0,0,17892,42568,0,0,45.6,0x0,nessuno,39552
1790737753.5,,,0,0,195144,244596,0,0,17604,42568,0,0,45.6,0x0,nessuno,39552
1790737783.5,,,0,0,195220,244596,0,0,18340,42568,0,0,45.6,0x0,nessuno,39552
1790737813.5,,,0,0,195108,244596,0,0,17960,42568,0,0,45.1,0x0,nessuno,39552
1790737843.5,,,0,0,195256,244596,0,0,17820,42568,0,0,45.6,0x0,nessuno,39552
1790737873.5,,,0,0,195236,244596,0,0,18256,42568,0,0,46.2,0x0,nessuno,39548
1790737903.5,,,0,0,195180,244596,0,0,17832,42568,0,0,45.6,0x0,nessuno,39548
1790737933.5,,,0,0,194984,244596,0,0,17516,42568,0,0,45.6,0x0,nessuno,39548
1790737963.6,,,0,0,194912,244596,0,0,17948,42568,0,0,45.6,0x0,nessuno,39548
1790737993.6,,,0,0,195004,244596,0,0,17516,42568,0,0,45.1,0x0,nessuno,39548
1790738023.6,,,0,0,195240,244596,0,0,17864,42568,0,0,45.1,0x0,nessuno,39548
1790738053.6,,,0,0,195316,244596,0,0,18440,42568,0,0,45.6,0x0,nessuno,39548
1790738083.6,,,0,0,195000,244596,0,0,17660,42568,0,0,45.6,0x0,nessuno,39548
1790738113.6,,,0,0,195196,244596,0,0,17436,42568,0,0,46.2,0x0,nessuno,39548
1790738143.6,,,0,0,195296,244596,0,0,18012,42568,0,0,45.6,0x0,nessuno,39548
1790738173.6,,,0,0,195264,244596,0,0,17988,42568,0,0,45.1,0x0,nessuno,39548
1790738203.6,,,0,0,195132,244596,0,0,18356,42568,0,0,45.1,0x0,nessuno,39548
1790738233.6,,,0,0,195344,244596,0,0,18052,42568,0,0,45.1,0x0,nessuno,39548
1790738263.7,,,0,0,195112,244596,0,0,18128,42568,0,0,45.6,0x0,nessuno,39548
1790738293.7,,,0,0,195144,244596,0,0,17932,42568,0,0,45.6,0x0,nessuno,39548
1790738323.7,,,0,0,195460,244596,0,0,17848,42568,0,0,45.6,0x0,nessuno,39548
1790738353.7,,,0,0,195164,244596,0,0,18080,42568,0,0,44.5,0x0,nessuno,39548
1790738383.7,,,0,0,195284,244596,0,0,17668,42568,0,0,45.1,0x0,nessuno,39548
1790738413.7,,,0,0,195244,244596,0,0,17636,42568,0,0,45.1,0x0,nessuno,39548
1790738443.7,,,0,0,195364,244596,0,0,17808,42568,0,0,45.1,0x0,nessuno,39548
1790738473.7,,,0,0,195348,244596,0,0,17484,42568,0,0,45.6,0x0,nessuno,39548
1790738503.8,,,0,0,195512,244596,0,0,17832,42568,0,0,45.6,0x0,nessuno,39548
1790738533.8,,,0,0,195292,244596,0,0,17652,42568,0,0,45.1,0x0,nessuno,39548
1790738563.8,,,0,0,195192,244596,0,0,17556,42568,0,0,45.1,0x0,nessuno,39548
1790738593.8,,,0,0,195168,244596,0,0,17364,42568,0,0,45.1,0x0,nessuno,39548
1790738623.8,,,0,0,195316,244596,0,0,17808,42568,0,0,45.1,0x0,nessuno,39548
1790738653.8,,,0,0,195216,244596,0,0,18132,42568,0,0,45.1,0x0,nessuno,39548
1790738683.8,,,0,0,195304,244596,0,0,17980,42568,0,0,45.1,0x0,nessuno,39548
1790738713.8,,,0,0,195276,244596,0,0,17860,42568,0,0,45.1,0x0,nessuno,39548
1790738743.8,,,0,0,195412,244596,0,0,18144,42568,0,0,45.6,0x0,nessuno,39548
1790738773.8,,,0,0,195036,244596,0,0,17684,42568,0,0,45.6,0x0,nessuno,39548
1790738803.9,,,0,0,195248,244596,0,0,18152,42568,0,0,45.1,0x0,nessuno,39548
1790738833.9,,,0,0,195144,244596,0,0,17760,42568,0,0,45.1,0x0,nessuno,39548
1790738863.9,,,0,0,195228,244596,0,0,16960,42568,0,0,45.1,0x0,nessuno,39548
1790738893.9,,,0,0,195216,244596,0,0,17152,42568,0,0,45.1,0x0,nessuno,39548
1790738923.9,,,0,0,195424,244596,0,0,17944,42568,0,0,45.1,0x0,nessuno,39548
1790738953.9,,,0,0,195120,244596,0,0,18060,42568,0,0,45.1,0x0,nessuno,39548
1790738983.9,,,0,0,195252,244596,0,0,17832,42568,0,0,45.1,0x0,nessuno,39548
1790739013.9,,,0,0,195324,244596,0,0,17700,42568,0,0,45.1,0x0,nessuno,39548
1790739044.0,,,0,0,195076,244596,0,0,16968,42568,0,0,45.6,0x0,nessuno,39544
1790739074.0,,,0,0,195368,244596,0,0,16964,42568,0,0,45.6,0x0,nessuno,39544
1790739104.0,,,0,0,195384,244596,0,0,17540,42568,0,0,45.1,0x0,nessuno,39544
1790739134.0,,,0,0,195240,244596,0,0,17636,42568,0,0,45.1,0x0,nessuno,39544
1790739164.0,,,0,0,195092,244596,0,0,17200,42568,0,0,45.1,0x0,nessuno,39544
1790739194.0,,,0,0,195084,244596,0,0,17464,42568,0,0,45.1,0x0,nessuno,39544
1790739224.0,,,0,0,195316,244596,0,0,17772,42568,0,0,45.6,0x0,nessuno,39544
1790739254.0,,,0,0,195224,244596,0,0,17480,42568,0,0,45.1,0x0,nessuno,39544
1790739284.0,,,0,0,195420,244596,0,0,18048,42568,0,0,45.1,0x0,nessuno,39544
1790739314.1,,,0,0,195048,244596,0,0,17260,42568,0,0,45.1,0x0,nessuno,39544
1790739344.1,,,0,0,195352,244596,0,0,17236,42568,0,0,45.1,0x0,nessuno,39544
1790739374.1,,,0,0,195104,244596,0,0,17020,42568,0,0,45.1,0x0,nessuno,39544
1790739404.1,,,0,0,195200,244596,0,0,18304,42568,0,0,46.2,0x0,nessuno,39544
1790739434.1,,,0,0,195376,244596,0,0,17556,42568,0,0,45.1,0x0,nessuno,39540
1790739464.1,,,0,0,195008,244596,0,0,17956,42568,0,0,45.1,0x0,nessuno,39540
1790739494.1,,,0,0,195464,244596,0,0,17420,42568,0,0,45.6,0x0,nessuno,39540
1790739524.1,,,0,0,195304,244596,0,0,17644,42568,0,0,44.5,0x0,nessuno,39540
1790739554.1,,,0,0,195372,244596,0,0,17608,42568,0,0,45.1,0x0,nessuno,39540
1790739584.1,,,0,0,195008,244596,0,0,18032,42568,0,0,45.6,0x0,nessuno,39540
1790739614.2,,,0,0,194844,244596,0,0,17956,42568,0,0,45.1,0x0,nessuno,39540
1790739644.2,,,0,0,195192,244596,0,0,17352,42568,0,0,45.1,0x0,nessuno,39540
1790739674.2,,,0,0,195480,244596,0,0,17412,42568,0,0,45.1,0x0,nessuno,39540
1790739704.2,,,0,0,195076,244596,0,0,18212,42568,0,0,45.6,0x0,nessuno,39540
1790739734.2,,,0,0,195212,244596,0,0,18024,42568,0,0,45.1,0x0,nessuno,39540
1790739764.2,,,0,0,195244,244596,0,0,18016,42568,0,0,45.1,0x0,nessuno,39540
1790739794.2,,,0,0,195040,244596,0,0,18340,42568,0,0,45.1,0x0,nessuno,39540
1790739824.2,,,0,0,195156,244596,0,0,17768,42568,0,0,45.1,0x0,nessuno,39540
1790739854.2,,,0,0,195288,244596,0,0,17736,42568,0,0,45.6,0x0,nessuno,39540
1790739884.2,,,0,0,195184,244596,0,0,17832,42568,0,0,45.6,0x0,nessuno,39540
1790739914.3,,,0,0,195252,244596,0,0,18276,42568,0,0,45.1,0x0,nessuno,39540
1790739944.3,,,0,0,195096,244596,0,0,17420,42568,0,0,45.1,0x0,nessuno,39540
1790739974.3,,,0,0,195048,244596,0,0,17812,42568,0,0,46.2,0x0,nessuno,39540
1790740004.3,,,0,0,194976,244596,0,0,17248,42568,0,0,45.6,0x0,nessuno,39540
1790740034.3,,,0,0,195560,244596,0,0,18112,42568,0,0,45.6,0x0,nessuno,39540
1790740064.3,,,0,0,195144,244596,0,0,17416,42568,0,0,45.1,0x0,nessuno,39540
1790740094.3,,,0,0,195320,244596,0,0,18156,42568,0,0,45.1,0x0,nessuno,39540
1790740124.3,,,0,0,195116,244596,0,0,17248,42568,0,0,45.1,0x0,nessuno,39540
1790740154.3,,,0,0,195248,244596,0,0,18076,42568,0,0,45.1,0x0,nessuno,39540
1790740184.4,,,0,0,195372,244596,0,0,17236,42568,0,0,45.1,0x0,nessuno,39540
1790740214.4,,,0,0,195008,244596,0,0,18304,42568,0,0,45.1,0x0,nessuno,39540
1790740244.4,,,0,0,195204,244596,0,0,17416,42568,0,0,45.1,0x0,nessuno,39540
1790740274.4,,,0,0,195416,244596,0,0,17776,42568,0,0,45.1,0x0,nessuno,39540
1790740304.4,,,0,0,195204,244596,0,0,18040,42568,0,0,45.1,0x0,nessuno,39540
1790740334.4,,,0,0,195068,244596,0,0,17268,42568,0,0,45.6,0x0,nessuno,39540
1790740364.4,,,0,0,195132,244596,0,0,17924,42568,0,0,45.6,0x0,nessuno,39540
1790740394.4,,,0,0,195220,244596,0,0,17836,42568,0,0,45.1,0x0,nessuno,39540
1790740424.4,,,0,0,195036,244596,0,0,18508,42568,0,0,45.1,0x0,nessuno,39540
1790740454.5,,,0,0,195280,244596,0,0,17572,42568,0,0,45.1,0x0,nessuno,39540
1790740484.5,,,0,0,195240,244596,0,0,17244,42568,0,0,45.1,0x0,nessuno,39540
1790740514.5,,,0,0,195328,244596,0,0,17892,42568,0,0,45.1,0x0,nessuno,39540
1790740544.5,,,0,0,150356,244596,0,0,17132,42568,0,0,45.1,0x0,nessuno,41232
1790740574.5,,,0,0,150304,244596,0,0,17708,42568,0,0,45.1,0x0,nessuno,41208
1790740604.5,,,0,0,150064,244596,0,0,17712,42568,0,0,45.1,0x0,nessuno,41208
1790740634.5,,,0,0,150128,244596,0,0,18316,42568,0,0,46.2,0x0,nessuno,41208
1790740664.5,,,0,0,150216,244596,0,0,17416,42568,0,0,45.6,0x0,nessuno,41208
1790740694.5,,,0,0,149880,244596,0,0,18280,42568,0,0,45.1,0x0,nessuno,41208
1790740724.5,,,0,0,149980,244596,0,0,17708,42568,0,0,45.1,0x0,nessuno,41208
1790740754.6,,,0,0,150068,244596,0,0,17880,42568,0,0,45.1,0x0,nessuno,41208
1790740784.6,,,0,0,150504,244596,0,0,17928,42568,0,0,45.1,0x0,nessuno,41208
1790740814.6,,,0,0,150720,244596,0,0,17332,42568,0,0,45.6,0x0,nessuno,41204
1790740844.6,,,0,0,150716,244596,0,0,17036,42568,0,0,45.1,0x0,nessuno,41176
1790740874.6,,,0,0,150264,244596,0,0,17780,42568,0,0,46.2,0x0,nessuno,41176
1790740904.6,,,0,0,166420,244596,0,0,17196,42568,0,0,44.5,0x0,nessuno,41300
1790740934.6,,,0,0,181912,244596,0,0,17872,42568,0,0,45.1,0x0,nessuno,41336
1790740964.6,,,0,0,179068,244596,0,0,18072,42568,0,0,45.1,0x0,nessuno,41492
1790740994.7,,,0,0,179288,244596,0,0,18124,42568,0,0,45.1,0x0,nessuno,41488
1790741024.7,,,0,0,179816,244596,0,0,17436,42568,0,0,44.5,0x0,nessuno,41420
1790741054.7,,,0,0,179260,244596,0,0,18008,42568,0,0,44.5,0x0,nessuno,41408
1790741084.7,,,0,0,179712,244596,0,0,17420,42568,0,0,45.1,0x0,nessuno,41400
1790741114.7,,,0,0,194768,244596,0,0,17352,42568,0,0,44.5,0x0,nessuno,41392
1790741144.7,,,0,0,179888,244596,0,0,17756,42568,0,0,44.5,0x0,nessuno,41384
1790741174.7,,,0,0,180044,244596,0,0,17460,42568,0,0,45.1,0x0,nessuno,41384
1790741204.7,,,0,0,179812,244596,0,0,17476,42568,0,0,45.1,0x0,nessuno,41384
1790741234.8,,,0,0,179384,244596,0,0,17728,42568,0,0,45.1,0x0,nessuno,41384
1790741264.8,,,0,0,179488,244596,0,0,17488,42568,0,0,45.1,0x0,nessuno,41384
1790741294.8,,,0,0,179988,244596,0,0,18100,42568,0,0,44.5,0x0,nessuno,41384
1790741324.8,,,0,0,179864,244596,0,0,18092,42568,0,0,45.1,0x0,nessuno,41384
1790741354.8,,,0,0,179844,244596,0,0,17424,42568,0,0,45.1,0x0,nessuno,41384
1790741384.8,,,0,0,179836,244596,0,0,16700,42568,0,0,45.1,0x0,nessuno,41384
1790741414.8,,,0,0,180000,244596,0,0,16936,42568,0,0,45.6,0x0,nessuno,41384
1790741444.8,,,0,0,179756,244596,0,0,17640,42568,0,0,45.1,0x0,nessuno,41384
1790741474.8,,,0,0,179836,244596,0,0,16768,42568,0,0,46.2,0x0,nessuno,41384
1790741504.9,,,0,0,179972,244596,0,0,16928,42568,0,0,45.6,0x0,nessuno,41384
1790741534.9,,,0,0,180012,244596,0,0,17960,42568,0,0,46.2,0x0,nessuno,41384
1790741564.9,,,0,0,179856,244596,0,0,17576,42568,0,0,45.1,0x0,nessuno,41384
1790741594.9,,,0,0,180188,244596,0,0,18048,42568,0,0,45.1,0x0,nessuno,41384
1790741624.9,,,0,0,180148,244596,0,0,17104,42568,0,0,45.6,0x0,nessuno,41384
1790741654.9,,,0,0,179744,244596,0,0,18256,42568,0,0,45.1,0x0,nessuno,41384
1790741684.9,,,0,0,180000,244596,0,0,17772,42568,0,0,45.1,0x0,nessuno,41384
1790741714.9,,,0,0,179820,244596,0,0,18088,42568,0,0,45.6,0x0,nessuno,41384
1790741744.9,,,0,0,180152,244596,0,0,17048,42568,0,0,45.1,0x0,nessuno,41384
1790741775.0,,,0,0,180012,244596,0,0,17432,42568,0,0,45.1,0x0,nessuno,41384
1790741805.0,,,0,0,180048,244596,0,0,17400,42568,0,0,45.1,0x0,nessuno,41384
1790741835.0,,,0,0,179880,244596,0,0,17992,42568,0,0,45.1,0x0,nessuno,41384
1790741865.0,,,0,0,179820,244596,0,0,17412,42568,0,0,45.1,0x0,nessuno,41384
1790741895.0,,,0,0,180076,244596,0,0,17232,42568,0,0,45.1,0x0,nessuno,41384
1790741925.0,,,0,0,179952,244596,0,0,17288,42568,0,0,45.1,0x0,nessuno,41384
1790741955.0,,,0,0,179712,244596,0,0,17240,42568,0,0,45.6,0x0,nessuno,41384
1790741985.0,,,0,0,180244,244596,0,0,17480,42568,0,0,45.1,0x0,nessuno,41384
1790742015.0,,,0,0,179872,244596,0,0,17424,42568,0,0,45.6,0x0,nessuno,41384
1790742045.1,,,0,0,179996,244596,0,0,17936,42568,0,0,45.1,0x0,nessuno,41384
1790742075.1,,,0,0,179892,244596,0,0,17720,42568,0,0,45.6,0x0,nessuno,41384
1790742105.1,,,0,0,180064,244596,0,0,18020,42568,0,0,45.1,0x0,nessuno,41384
1790742135.1,,,0,0,179812,244596,0,0,17920,42568,0,0,46.2,0x0,nessuno,41384
1790742165.1,,,0,0,180048,244596,0,0,17356,42568,0,0,45.1,0x0,nessuno,41384
1790742195.1,,,0,0,180160,244596,0,0,17428,42568,0,0,45.6,0x0,nessuno,41384
1790742225.1,,,0,0,179988,244596,0,0,17148,42568,0,0,45.6,0x0,nessuno,41384
1790742255.1,,,0,0,180032,244596,0,0,17472,42568,0,0,45.1,0x0,nessuno,41380
1790742285.2,,,0,0,179604,244596,0,0,17888,42568,0,0,45.1,0x0,nessuno,41380
1790742315.2,,,0,0,179888,244596,0,0,17684,42568,0,0,45.6,0x0,nessuno,41380
1790742345.2,,,0,0,180028,244596,0,0,17660,42568,0,0,45.1,0x0,nessuno,41380
1790742375.2,,,0,0,180108,244596,0,0,17788,42568,0,0,45.1,0x0,nessuno,41380
1790742405.2,,,0,0,179968,244596,0,0,17632,42568,0,0,45.6,0x0,nessuno,41380
1790742435.2,,,0,0,179820,244596,0,0,17964,42568,0,0,45.1,0x0,nessuno,41380
1790742465.2,,,0,0,180012,244596,0,0,17908,42568,0,0,45.6,0x0,nessuno,41380
1790742495.2,,,0,0,180060,244596,0,0,16888,42568,0,0,45.1,0x0,nessuno,41380
1790742525.3,,,0,0,180104,244596,0,0,17228,42568,0,0,45.6,0x0,nessuno,41380
1790742555.3,,,0,0,179884,244596,0,0,17980,42568,0,0,45.1,0x0,nessuno,41380
1790742585.3,,,0,0,179828,244596,0,0,17364,42568,0,0,45.1,0x0,nessuno,41380
1790742615.3,,,0,0,180288,244596,0,0,17636,42568,0,0,45.6,0x0,nessuno,41380
1790742645.3,,,0,0,179940,244596,0,0,17104,42568,0,0,46.2,0x0,nessuno,41380
1790742675.3,,,0,0,180044,244596,0,0,17364,42568,0,0,45.6,0x0,nessuno,41380
1790742705.3,,,0,0,150780,244596,0,0,18000,42568,0,0,45.1,0x0,nessuno,70200
1790742735.3,,,0,0,151092,244596,0,0,17848,42568,0,0,45.6,0x0,nessuno,70160
1790742765.3,,,0,0,151144,244596,0,0,16964,42568,0,0,45.6,0x0,nessuno,70132
1790742795.4,,,0,0,151036,244596,0,0,17532,42568,0,0,45.6,0x0,nessuno,70088
1790742825.4,,,0,0,150872,244596,0,0,18036,42568,0,0,46.2,0x0,nessuno,70052
1790742855.4,,,0,0,151096,244596,0,0,17156,42568,0,0,45.6,0x0,nessuno,70036
1790742885.4,,,0,0,150904,244596,0,0,17980,42568,0,0,45.6,0x0,nessuno,70012
1790742915.4,,,0,0,150808,244596,0,0,16992,42568,0,0,45.1,0x0,nessuno,69984
1790742945.4,,,0,0,151068,244596,0,0,17632,42568,0,0,45.1,0x0,nessuno,69976
1790742975.4,,,0,0,151172,244596,0,0,17668,42568,0,0,46.2,0x0,nessuno,69960
1790743005.4,,,0,0,151024,244596,0,0,17048,42568,0,0,45.6,0x0,nessuno,69956
1790743035.4,,,0,0,150984,244596,0,0,18084,42568,0,0,45.6,0x0,nessuno,69948
1790743065.4,,,0,0,151404,244596,0,0,17536,42568,0,0,45.1,0x0,nessuno,69644
1790743095.5,,,0,0,151440,244596,0,0,17224,42568,0,0,45.1,0x0,nessuno,69644
1790743125.5,,,0,0,151292,244596,0,0,17696,42568,0,0,45.6,0x0,nessuno,69640
1790743155.5,,,0,0,151188,244596,0,0,17196,42568,0,0,45.1,0x0,nessuno,69636
1790743185.5,,,0,0,152752,244596,0,0,17628,42568,0,0,45.6,0x0,nessuno,68024
1790743215.5,,,0,0,153000,244596,0,0,17500,42568,0,0,45.1,0x0,nessuno,68024
1790743245.5,,,0,0,153152,244596,0,0,17196,42568,0,0,45.1,0x0,nessuno,68008
1790743275.5,,,0,0,153096,244596,0,0,17392,42568,0,0,45.1,0x0,nessuno,68008
1790743305.5,,,0,0,152988,244596,0,0,17724,42568,0,0,45.1,0x0,nessuno,68008
1790743335.5,,,0,0,152800,244596,0,0,17140,42568,0,0,45.6,0x0,nessuno,68008
1790743365.6,,,0,0,152972,244596,0,0,18360,42568,0,0,45.1,0x0,nessuno,68008
1790743395.6,,,0,0,153228,244596,0,0,17016,42568,0,0,45.1,0x0,nessuno,68008
1790743425.6,,,0,0,153180,244596,0,0,17504,42568,0,0,45.1,0x0,nessuno,68008
1790743455.6,,,0,0,152780,244596,0,0,17520,42568,0,0,45.1,0x0,nessuno,68000
1790743485.6,,,0,0,152976,244596,0,0,17256,42568,0,0,45.1,0x0,nessuno,68000
1790743515.6,,,0,0,153172,244596,0,0,18268,42568,0,0,46.2,0x0,nessuno,68000
1790743545.6,,,0,0,152668,244596,0,0,17108,42568,0,0,45.6,0x0,nessuno,67984
1790743575.6,,,0,0,153048,244596,0,0,17544,42568,0,0,45.6,0x0,nessuno,67984
1790743605.6,,,0,0,153076,244596,0,0,17708,42568,0,0,45.1,0x0,nessuno,67984
1790743635.7,,,0,0,153176,244596,0,0,17368,42568,0,0,45.1,0x0,nessuno,67984
1790743665.7,,,0,0,152868,244596,0,0,18116,42568,0,0,45.1,0x0,nessuno,67968
1790743695.7,,,0,0,152836,244596,0,0,17608,42568,0,0,45.1,0x0,nessuno,67968
1790743725.7,,,0,0,153136,244596,0,0,16880,42568,0,0,45.1,0x0,nessuno,67968
1790743755.7,,,0,0,152792,244596,0,0,18044,42568,0,0,45.6,0x0,nessuno,67968
1790743785.7,,,0,0,153024,244596,0,0,17932,42568,0,0,46.2,0x0,nessuno,67916
1790743815.7,,,0,0,152880,244596,0,0,16876,42568,0,0,45.6,0x0,nessuno,67916
1790743845.7,,,0,0,152984,244596,0,0,17808,42568,0,0,45.1,0x0,nessuno,67916
1790743875.7,,,0,0,153388,244596,0,0,16768,42568,0,0,45.6,0x0,nessuno,67916
1790743905.8,,,0,0,152944,244596,0,0,17600,42568,0,0,45.1,0x0,nessuno,67916
1790743935.8,,,0,0,153192,244596,0,0,17904,42568,0,0,45.1,0x0,nessuno,67916
1790743965.8,,,0,0,153208,244596,0,0,17028,42568,0,0,45.1,0x0,nessuno,67916
1790743995.8,,,0,0,153032,244596,0,0,17628,42568,0,0,45.6,0x0,nessuno,67916
1790744025.8,,,0,0,152908,244596,0,0,17836,42568,0,0,45.1,0x0,nessuno,67916
1790744055.8,,,0,0,153344,244596,0,0,17840,42568,0,0,46.2,0x0,nessuno,67916
1790744085.8,,,0,0,153124,244596,0,0,17460,42568,0,0,45.1,0x0,nessuno,67916
1790744115.8,,,0,0,153172,244596,0,0,17228,42568,0,0,45.1,0x0,nessuno,67916
1790744145.8,,,0,0,152920,244596,0,0,17752,42568,0,0,45.1,0x0,nessuno,67884
1790744175.8,,,0,0,153228,244596,0,0,17532,42568,0,0,45.6,0x0,nessuno,67884
1790744205.9,,,0,0,153100,244596,0,0,18048,42568,0,0,45.1,0x0,nessuno,67884
1790744235.9,,,0,0,152820,244596,0,0,17376,42568,0,0,46.2,0x0,nessuno,67884
1790744265.9,,,0,0,153088,244596,0,0,17768,42568,0,0,45.1,0x0,nessuno,67884
1790744295.9,,,0,0,153192,244596,0,0,17104,42568,0,0,45.1,0x0,nessuno,67884
1790744325.9,,,0,0,152988,244596,0,0,17104,42568,0,0,45.1,0x0,nessuno,67884
1790744355.9,,,0,0,152840,244596,0,0,17608,42568,0,0,45.6,0x0,nessuno,67884
1790744385.9,,,0,0,153176,244596,0,0,17980,42568,0,0,45.1,0x0,nessuno,67864
1790744415.9,,,0,0,153020,244596,0,0,18280,42568,0,0,46.2,0x0,nessuno,67864
1790744446.0,,,0,0,153076,244596,0,0,17840,42568,0,0,45.6,0x0,nessuno,67864
1790744476.0,,,0,0,152344,244596,0,0,16828,42568,0,0,45.1,0x0,nessuno,68576
1790744506.0,,,0,0,149868,244596,0,0,17040,42568,0,0,45.1,0x0,nessuno,72052
1790744536.0,,,0,0,149740,244596,0,0,17820,42568,0,0,44.0,0x0,nessuno,71860
1790744566.0,,,0,0,153340,244596,0,0,17920,42568,0,0,44.0,0x0,nessuno,68568
1790744596.0,,,0,0,153552,244596,0,0,17756,42568,0,0,44.5,0x0,nessuno,68328
1790744626.0,,,0,0,154148,244596,0,0,17956,42568,0,0,44.5,0x0,nessuno,68288
1790744656.0,,,0,0,169268,244596,0,0,17240,42568,0,0,44.0,0x0,nessuno,68428
1790744686.0,,,0,0,154748,244596,0,0,17768,42568,0,0,44.0,0x0,nessuno,68272
1790744716.0,,,0,0,154492,244596,0,0,17976,42568,0,0,44.0,0x0,nessuno,68264
1790744746.1,,,0,0,169444,244596,0,0,17232,42568,0,0,44.5,0x0,nessuno,68252
1790744776.1,,,0,0,154640,244596,0,0,17612,42568,0,0,44.0,0x0,nessuno,68204
1790744806.1,,,0,0,154552,244596,0,0,17092,42568,0,0,44.0,0x0,nessuno,68204
1790744836.1,,,0,0,154552,244596,0,0,17848,42568,0,0,44.5,0x0,nessuno,68200
1790744866.1,,,0,0,154784,244596,0,0,18232,42568,0,0,44.5,0x0,nessuno,68192
1790744896.1,,,0,0,154652,244596,0,0,17076,42568,0,0,45.1,0x0,nessuno,68192
1790744926.1,,,0,0,154628,244596,0,0,17804,42568,0,0,44.5,0x0,nessuno,68192
1790744956.1,,,0,0,154520,244596,0,0,17344,42568,0,0,45.1,0x0,nessuno,68192
1790744986.1,,,0,0,154644,244596,0,0,17908,42568,0,0,45.1,0x0,nessuno,68192
1790745016.2,,,0,0,154660,244596,0,0,17680,42568,0,0,45.1,0x0,nessuno,68192
1790745046.2,,,0,0,154660,244596,0,0,17660,42568,0,0,44.5,0x0,nessuno,68192
1790745076.2,,,0,0,154536,244596,0,0,17432,42568,0,0,45.1,0x0,nessuno,68192
1790745106.2,,,0,0,154860,244596,0,0,17112,42568,0,0,45.6,0x0,nessuno,68192
1790745136.2,,,0,0,154508,244596,0,0,17656,42568,0,0,45.1,0x0,nessuno,68192
1790745166.2,,,0,0,154752,244596,0,0,17400,42568,0,0,45.1,0x0,nessuno,68192
1790745196.2,,,0,0,154636,244596,0,0,17496,42568,0,0,45.1,0x0,nessuno,68192
1790745226.2,,,0,0,154652,244596,0,0,17496,42568,0,0,44.5,0x0,nessuno,68192
1790745256.2,,,0,0,154764,244596,0,0,18204,42568,0,0,45.1,0x0,nessuno,68192
1790745286.2,,,0,0,154704,244596,0,0,18060,42568,0,0,45.1,0x0,nessuno,68192
1790745316.3,,,0,0,154840,244596,0,0,16988,42568,0,0,45.1,0x0,nessuno,68192
1790745346.3,,,0,0,154796,244596,0,0,17080,42568,0,0,45.1,0x0,nessuno,68192
1790745376.3,,,0,0,155040,244596,0,0,16936,42568,0,0,45.6,0x0,nessuno,68192
1790745406.3,,,0,0,154848,244596,0,0,17936,42568,0,0,45.1,0x0,nessuno,68192
1790745436.3,,,0,0,154740,244596,0,0,18196,42568,0,0,45.1,0x0,nessuno,68192
1790745466.3,,,0,0,154628,244596,0,0,17840,42568,0,0,45.6,0x0,nessuno,68188
1790745496.3,,,0,0,154804,244596,0,0,17760,42568,0,0,45.6,0x0,nessuno,68188
1790745526.3,,,0,0,154780,244596,0,0,17652,42568,0,0,45.6,0x0,nessuno,68188
1790745556.4,,,0,0,154428,244596,0,0,17052,42568,0,0,45.1,0x0,nessuno,68188
1790745586.4,,,0,0,154688,244596,0,0,17628,42568,0,0,45.1,0x0,nessuno,68188
1790745616.4,,,0,0,154796,244596,0,0,17772,42568,0,0,45.1,0x0,nessuno,68188
1790745646.4,,,0,0,154848,244596,0,0,17732,42568,0,0,45.1,0x0,nessuno,68188
1790745676.4,,,0,0,155060,244596,0,0,16768,42568,0,0,46.2,0x0,nessuno,68188
1790745706.4,,,0,0,154692,244596,0,0,17108,42568,0,0,45.1,0x0,nessuno,68188
1790745736.4,,,0,0,154612,244596,0,0,17564,42568,0,0,45.1,0x0,nessuno,68188
1790745766.4,,,0,0,154836,244596,0,0,17340,42568,0,0,45.1,0x0,nessuno,68188
1790745796.4,,,0,0,154700,244596,0,0,17248,42568,0,0,45.1,0x0,nessuno,68188
1790745826.5,,,0,0,154408,244596,0,0,17304,42568,0,0,45.6,0x0,nessuno,68188
1790745856.5,,,0,0,154736,244596,0,0,17776,42568,0,0,46.2,0x0,nessuno,68188
1790745886.5,,,0,0,154776,244596,0,0,17948,42568,0,0,45.1,0x0,nessuno,68188
1790745916.5,,,0,0,154412,244596,0,0,17608,42568,0,0,45.6,0x0,nessuno,68188
1790745946.5,,,0,0,154856,244596,0,0,17252,42568,0,0,45.1,0x0,nessuno,68188
1790745976.5,,,0,0,154832,244596,0,0,17304,42568,0,0,45.1,0x0,nessuno,68188
1790746006.5,,,0,0,154752,244596,0,0,17184,42568,0,0,45.1,0x0,nessuno,68188
1790746036.5,,,0,0,154704,244596,0,0,17876,42568,0,0,46.2,0x0,nessuno,68188
1790746066.5,,,0,0,154548,244596,0,0,17336,42568,0,0,45.6,0x0,nessuno,68188
1790746096.5,,,0,0,154664,244596,0,0,17984,42568,0,0,45.6,0x0,nessuno,68188
1790746126.6,,,0,0,154640,244596,0,0,17404,42568,0,0,45.1,0x0,nessuno,68188
1790746156.6,,,0,0,154588,244596,0,0,17856,42568,0,0,45.1,0x0,nessuno,68188
1790746186.6,,,0,0,154816,244596,0,0,17980,42568,0,0,45.1,0x0,nessuno,68188
1790746216.6,,,0,0,154652,244596,0,0,17864,42568,0,0,46.2,0x0,nessuno,68188
1790746246.6,,,0,0,154720,244596,0,0,17008,42568,0,0,45.1,0x0,nessuno,68180
1790746276.6,,,0,0,154812,244596,0,0,17292,42568,0,0,45.1,0x0,nessuno,68168
1790746306.6,,,0,0,154820,244596,0,0,17844,42568,0,0,45.1,0x0,nessuno,68164
1790746336.6,,,0,0,154784,244596,0,0,17592,42568,0,0,45.1,0x0,nessuno,68164
1790746366.7,,,0,0,154948,244596,0,0,17264,42568,0,0,45.1,0x0,nessuno,68164
1790746396.7,,,0,0,154584,244596,0,0,17120,42568,0,0,46.2,0x0,nessuno,68164
1790746426.7,,,0,0,154628,244596,0,0,17632,42568,0,0,45.1,0x0,nessuno,68164
1790746456.7,,,0,0,154544,244596,0,0,18040,42568,0,0,45.1,0x0,nessuno,68164
1790746486.7,,,0,0,154436,244596,0,0,17136,42568,0,0,45.1,0x0,nessuno,68164
1790746516.7,,,0,0,154704,244596,0,0,17240,42568,0,0,45.6,0x0,nessuno,68164
1790746546.7,,,0,0,154836,244596,0,0,16976,42568,0,0,45.1,0x0,nessuno,68164
1790746576.7,,,0,0,154620,244596,0,0,17496,42568,0,0,46.2,0x0,nessuno,68164
1790746606.7,,,0,0,154748,244596,0,0,17996,42568,0,0,45.6,0x0,nessuno,68164
1790746636.7,,,0,0,154880,244596,0,0,17232,42568,0,0,45.1,0x0,nessuno,68164
1790746666.8,,,0,0,154624,244596,0,0,18008,42568,0,0,45.6,0x0,nessuno,68164
1790746696.8,,,0,0,154800,244596,0,0,17772,42568,0,0,45.1,0x0,nessuno,68164
1790746726.8,,,0,0,154596,244596,0,0,17572,42568,0,0,45.1,0x0,nessuno,68164
1790746756.8,,,0,0,154548,244596,0,0,17140,42568,0,0,46.2,0x0,nessuno,68164
1790746786.8,,,0,0,154304,244596,0,0,17876,42568,0,0,45.6,0x0,nessuno,68164
1790746816.8,,,0,0,154608,244596,0,0,17624,42568,0,0,45.1,0x0,nessuno,68164
1790746846.8,,,0,0,154500,244596,0,0,17920,42568,0,0,45.1,0x0,nessuno,68164
1790746876.8,,,0,0,154552,244596,0,0,17512,42568,0,0,45.6,0x0,nessuno,68164
1790746906.8,,,0,0,154664,244596,0,0,18080,42568,0,0,45.1,0x0,nessuno,68164
1790746936.8,,,0,0,154844,244596,0,0,17752,42568,0,0,46.7,0x0,nessuno,68164
1790746966.9,,,0,0,154652,244596,0,0,18084,42568,0,0,45.6,0x0,nessuno,68164
1790746996.9,,,0,0,154756,244596,0,0,17344,42568,0,0,45.1,0x0,nessuno,68164
1790747026.9,,,0,0,154684,244596,0,0,18020,42568,0,0,45.6,0x0,nessuno,68164
1790747056.9,,,0,0,154836,244596,0,0,17832,42568,0,0,45.1,0x0,nessuno,68164
1790747086.9,,,0,0,154704,244596,0,0,17296,42568,0,0,45.1,0x0,nessuno,68164
1790747116.9,,,0,0,154628,244596,0,0,17260,42568,0,0,46.2,0x0,nessuno,68164
1790747146.9,,,0,0,154792,244596,0,0,17320,42568,0,0,45.1,0x0,nessuno,68164
1790747176.9,,,0,0,154836,244596,0,0,17192,42568,0,0,45.1,0x0,nessuno,68164
1790747206.9,,,0,0,154536,244596,0,0,17956,42568,0,0,45.6,0x0,nessuno,68164
1790747237.0,,,0,0,154524,244596,0,0,17088,42568,0,0,45.1,0x0,nessuno,68164
1790747267.0,,,0,0,154480,244596,0,0,18220,42568,0,0,45.1,0x0,nessuno,68164
1790747297.0,,,0,0,154788,244596,0,0,17760,42568,0,0,46.2,0x0,nessuno,68164
1790747327.0,,,0,0,154872,244596,0,0,17616,42568,0,0,45.1,0x0,nessuno,68164
1790747357.0,,,0,0,154892,244596,0,0,17728,42568,0,0,45.1,0x0,nessuno,68164
1790747387.0,,,0,0,154744,244596,0,0,17020,42568,0,0,45.1,0x0,nessuno,68164
1790747417.0,,,0,0,154640,244596,0,0,17056,42568,0,0,45.1,0x0,nessuno,68164
1790747447.0,,,0,0,154620,244596,0,0,17508,42568,0,0,45.1,0x0,nessuno,68164
1790747477.1,,,0,0,154916,244596,0,0,17868,42568,0,0,46.2,0x0,nessuno,68164
1790747507.1,,,0,0,154628,244596,0,0,17512,42568,0,0,45.6,0x0,nessuno,68164
1790747537.1,,,0,0,154532,244596,0,0,17580,42568,0,0,45.1,0x0,nessuno,68164
1790747567.1,,,0,0,154636,244596,0,0,17592,42568,0,0,45.1,0x0,nessuno,68164
1790747597.1,,,0,0,154592,244596,0,0,17964,42568,0,0,45.6,0x0,nessuno,68164
1790747627.1,,,0,0,154304,244596,0,0,17804,42568,0,0,45.1,0x0,nessuno,68164
1790747657.1,,,0,0,154696,244596,0,0,17388,42568,0,0,46.2,0x0,nessuno,68164
1790747687.1,,,0,0,154504,244596,0,0,17716,42568,0,0,45.1,0x0,nessuno,68164
1790747717.2,,,0,0,154796,244596,0,0,17680,42568,0,0,45.1,0x0,nessuno,68164
1790747747.2,,,0,0,154548,244596,0,0,17764,42568,0,0,45.1,0x0,nessuno,68164
1790747777.2,,,0,0,154452,244596,0,0,17832,42568,0,0,45.1,0x0,nessuno,68164
1790747807.2,,,0,0,154908,244596,0,0,17720,42568,0,0,45.1,0x0,nessuno,68164
1790747837.2,,,0,0,154924,244596,0,0,17820,42568,0,0,46.2,0x0,nessuno,68164
1790747867.2,,,0,0,154880,244596,0,0,17812,42568,0,0,45.1,0x0,nessuno,68164
1790747897.2,,,0,0,154552,244596,0,0,17664,42568,0,0,45.1,0x0,nessuno,68164
1790747927.2,,,0,0,154932,244596,0,0,17740,42568,0,0,45.1,0x0,nessuno,68164
1790747957.2,,,0,0,154632,244596,0,0,17728,42568,0,0,45.1,0x0,nessuno,68164
1790747987.3,,,0,0,154680,244596,0,0,17664,42568,0,0,45.6,0x0,nessuno,68164
1790748017.3,,,0,0,154576,244596,0,0,17320,42568,0,0,46.2,0x0,nessuno,68164
1790748047.3,,,0,0,154576,244596,0,0,17092,42568,0,0,45.6,0x0,nessuno,68164
1790748077.3,,,0,0,154636,244596,0,0,18048,42568,0,0,45.6,0x0,nessuno,68164
1790748107.3,,,0,0,154864,244596,0,0,17468,42568,0,0,45.6,0x0,nessuno,68164
1790748137.3,,,0,0,154528,244596,0,0,17568,42568,0,0,45.6,0x0,nessuno,68436
1790748167.3,,,0,0,154588,244596,0,0,17724,42568,0,0,45.6,0x0,nessuno,68440
1790748197.3,,,0,0,170996,244596,0,0,16868,42568,0,0,45.1,0x0,nessuno,66940
1790748227.3,,,0,0,156464,244596,0,0,17680,42568,0,0,43.5,0x0,nessuno,66928
1790748257.4,,,0,0,156420,244596,0,0,17312,42568,0,0,42.9,0x0,nessuno,66896
1790748287.4,,,0,0,171012,244596,0,0,16900,42568,0,0,44.5,0x0,nessuno,66896
1790748317.4,,,0,0,155448,244596,0,0,17660,42568,0,0,45.1,0x0,nessuno,67440
1790748347.4,,,0,0,155824,244596,0,0,17580,42568,0,0,44.0,0x0,nessuno,67424
1790748377.4,,,0,0,156020,244596,0,0,16740,42568,0,0,44.0,0x0,nessuno,67424
1790748407.4,,,0,0,155924,244596,0,0,17616,42568,0,0,45.1,0x0,nessuno,67284
1790748437.4,,,0,0,155960,244596,0,0,17148,42568,0,0,44.5,0x0,nessuno,67284
1790748467.4,,,0,0,155920,244596,0,0,17348,42568,0,0,44.5,0x0,nessuno,67284
1790748497.5,,,0,0,155904,244596,0,0,17412,42568,0,0,45.1,0x0,nessuno,67284
1790748527.5,,,0,0,155916,244596,0,0,17300,42568,0,0,45.1,0x0,nessuno,67284
1790748557.5,,,0,0,155864,244596,0,0,17612,42568,0,0,45.1,0x0,nessuno,67284
1790748587.5,,,0,0,156120,244596,0,0,17640,42568,0,0,45.1,0x0,nessuno,67176
1790748617.5,,,0,0,156248,244596,0,0,18192,42568,0,0,45.1,0x0,nessuno,67176
1790748647.5,,,0,0,156096,244596,0,0,17900,42568,0,0,45.1,0x0,nessuno,67176
1790748677.5,,,0,0,156216,244596,0,0,17724,42568,0,0,45.1,0x0,nessuno,67176
1790748707.5,,,0,0,156264,244596,0,0,17732,42568,0,0,45.1,0x0,nessuno,67176
1790748737.5,,,0,0,156348,244596,0,0,16712,42568,0,0,45.1,0x0,nessuno,67176
1790748767.6,,,0,0,156392,244596,0,0,16784,42568,0,0,45.6,0x0,nessuno,67176
1790748797.6,,,0,0,156244,244596,0,0,17436,42568,0,0,45.1,0x0,nessuno,67176
1790748827.6,,,0,0,156220,244596,0,0,17776,42568,0,0,45.1,0x0,nessuno,67176
1790748857.6,,,0,0,156092,244596,0,0,17452,42568,0,0,45.6,0x0,nessuno,67176
1790748887.6,,,0,0,156176,244596,0,0,17964,42568,0,0,45.1,0x0,nessuno,67176
1790748917.6,,,0,0,156336,244596,0,0,17792,42568,0,0,45.1,0x0,nessuno,67176
1790748947.6,,,0,0,156164,244596,0,0,17112,42568,0,0,45.6,0x0,nessuno,67176
1790748977.6,,,0,0,156220,244596,0,0,17684,42568,0,0,45.6,0x0,nessuno,67176
1790749007.6,,,0,0,156188,244596,0,0,17720,42568,0,0,45.1,0x0,nessuno,67176
1790749037.7,,,0,0,156200,244596,0,0,17548,42568,0,0,45.1,0x0,nessuno,67176
1790749067.7,,,0,0,156220,244596,0,0,17564,42568,0,0,45.1,0x0,nessuno,67176
1790749097.7,,,0,0,156256,244596,0,0,17044,42568,0,0,45.1,0x0,nessuno,67176
1790749127.7,,,0,0,156220,244596,0,0,17444,42568,0,0,45.1,0x0,nessuno,67176
1790749157.7,,,0,0,155888,244596,0,0,17724,42568,0,0,45.1,0x0,nessuno,67176
1790749187.7,,,0,0,156176,244596,0,0,17436,42568,0,0,45.1,0x0,nessuno,67176
1790749217.7,,,0,0,156144,244596,0,0,16828,42568,0,0,45.1,0x0,nessuno,67176
1790749247.7,,,0,0,155808,244596,0,0,17972,42568,0,0,45.1,0x0,nessuno,67176
1790749277.7,,,0,0,156196,244596,0,0,17820,42568,0,0,45.6,0x0,nessuno,67176
1790749307.7,,,0,0,156292,244596,0,0,17636,42568,0,0,45.6,0x0,nessuno,67176
1790749337.8,,,0,0,156128,244596,0,0,17260,42568,0,0,45.6,0x0,nessuno,67176
1790749367.8,,,0,0,156064,244596,0,0,18112,42568,0,0,45.1,0x0,nessuno,67176
1790749397.8,,,0,0,156252,244596,0,0,17652,42568,0,0,45.1,0x0,nessuno,67176
1790749427.8,,,0,0,156032,244596,0,0,17756,42568,0,0,45.6,0x0,nessuno,67176
1790749457.8,,,0,0,156152,244596,0,0,17572,42568,0,0,45.1,0x0,nessuno,67176
1790749487.8,,,0,0,156308,244596,0,0,17408,42568,0,0,45.6,0x0,nessuno,67176
1790749517.8,,,0,0,156140,244596,0,0,17920,42568,0,0,45.6,0x0,nessuno,67176
1790749547.8,,,0,0,156180,244596,0,0,17648,42568,0,0,45.1,0x0,nessuno,67176
1790749577.8,,,0,0,156120,244596,0,0,17844,42568,0,0,45.6,0x0,nessuno,67176
1790749607.9,,,0,0,156112,244596,0,0,17416,42568,0,0,45.6,0x0,nessuno,67176
1790749637.9,,,0,0,156084,244596,0,0,17232,42568,0,0,45.1,0x0,nessuno,67176
1790749667.9,,,0,0,156068,244596,0,0,17952,42568,0,0,45.1,0x0,nessuno,67176
1790749697.9,,,0,0,156044,244596,0,0,18152,42568,0,0,45.1,0x0,nessuno,67176
1790749727.9,,,0,0,156344,244596,0,0,17572,42568,0,0,45.6,0x0,nessuno,67176
1790749757.9,,,0,0,156264,244596,0,0,17812,42568,0,0,45.1,0x0,nessuno,67176
1790749787.9,,,0,0,156340,244596,0,0,18596,42568,0,0,45.1,0x0,nessuno,67176
1790749817.9,,,0,0,155852,244596,0,0,17380,42568,0,0,46.2,0x0,nessuno,67176
1790749847.9,,,0,0,155988,244596,0,0,17120,42568,0,0,45.6,0x0,nessuno,67176
1790749878.0,,,0,0,156180,244596,0,0,17076,42568,0,0,45.6,0x0,nessuno,67176
1790749908.0,,,0,0,156232,244596,0,0,16972,42568,0,0,45.1,0x0,nessuno,67176
1790749938.0,,,0,0,155948,244596,0,0,17408,42568,0,0,45.1,0x0,nessuno,67176
1790749968.0,,,0,0,156352,244596,0,0,17616,42568,0,0,45.1,0x0,nessuno,67176
1790749998.0,,,0,0,156108,244596,0,0,16944,42568,0,0,45.1,0x0,nessuno,67176
1790750028.0,,,0,0,156036,244596,0,0,17920,42568,0,0,45.6,0x0,nessuno,67176
1790750058.0,,,0,0,155980,244596,0,0,16912,42568,0,0,45.1,0x0,nessuno,67176
1790750088.0,,,0,0,156324,244596,0,0,17816,42568,0,0,45.1,0x0,nessuno,67176
1790750118.0,,,0,0,156416,244596,0,0,17912,42568,0,0,45.1,0x0,nessuno,67176
1790750148.0,,,0,0,156212,244596,0,0,17196,42568,0,0,45.1,0x0,nessuno,67176
1790750178.1,,,0,0,156044,244596,0,0,17880,42568,0,0,45.1,0x0,nessuno,67176
1790750208.1,,,0,0,156192,244596,0,0,18100,42568,0,0,45.1,0x0,nessuno,67176
1790750238.1,,,0,0,156284,244596,0,0,16988,42568,0,0,45.6,0x0,nessuno,67176
1790750268.1,,,0,0,156168,244596,0,0,17588,42568,0,0,46.2,0x0,nessuno,67176
1790750298.1,,,0,0,156432,244596,0,0,17192,42568,0,0,45.6,0x0,nessuno,67176
1790750328.1,,,0,0,156020,244596,0,0,17596,42568,0,0,45.6,0x0,nessuno,67176
1790750358.1,,,0,0,156316,244596,0,0,17200,42568,0,0,45.6,0x0,nessuno,67176
1790750388.1,,,0,0,156304,244596,0,0,18132,42568,0,0,45.1,0x0,nessuno,67176
1790750418.1,,,0,0,155864,244596,0,0,17248,42568,0,0,46.2,0x0,nessuno,67176
1790750448.1,,,0,0,156244,244596,0,0,17160,42568,0,0,45.1,0x0,nessuno,67176
1790750478.2,,,0,0,155816,244596,0,0,18004,42568,0,0,45.1,0x0,nessuno,67176
1790750508.2,,,0,0,156296,244596,0,0,17348,42568,0,0,45.6,0x0,nessuno,67176
1790750538.2,,,0,0,156188,244596,0,0,18084,42568,0,0,45.1,0x0,nessuno,67176
1790750568.2,,,0,0,156324,244596,0,0,17420,42568,0,0,45.1,0x0,nessuno,67176
1790750598.2,,,0,0,155996,244596,0,0,17184,42568,0,0,45.6,0x0,nessuno,67176
1790750628.2,,,0,0,156188,244596,0,0,17800,42568,0,0,45.6,0x0,nessuno,67176
1790750658.2,,,0,0,156036,244596,0,0,17312,42568,0,0,45.1,0x0,nessuno,67176
1790750688.3,,,0,0,156192,244596,0,0,17544,42568,0,0,45.1,0x0,nessuno,67176
1790750718.3,,,0,0,155824,244596,0,0,17264,42568,0,0,45.1,0x0,nessuno,67176
1790750748.3,,,0,0,156124,244596,0,0,17288,42568,0,0,45.1,0x0,nessuno,67176
1790750778.3,,,0,0,156092,244596,0,0,17672,42568,0,0,45.1,0x0,nessuno,67176
1790750808.3,,,0,0,156032,244596,0,0,17432,42568,0,0,45.1,0x0,nessuno,67176
1790750838.3,,,0,0,156280,244596,0,0,17788,42568,0,0,45.1,0x0,nessuno,67176
1790750868.3,,,0,0,156336,244596,0,0,17636,42568,0,0,45.1,0x0,nessuno,67176
1790750898.3,,,0,0,156036,244596,0,0,18180,42568,0,0,45.1,0x0,nessuno,67176
1790750928.3,,,0,0,156208,244596,0,0,17740,42568,0,0,45.6,0x0,nessuno,67176
1790750958.3,,,0,0,156340,244596,0,0,18044,42568,0,0,45.1,0x0,nessuno,67176
1790750988.4,,,0,0,156052,244596,0,0,17088,42568,0,0,45.1,0x0,nessuno,67176
1790751018.4,,,0,0,156196,244596,0,0,16840,42568,0,0,45.1,0x0,nessuno,67176
1790751048.4,,,0,0,156220,244596,0,0,18080,42568,0,0,45.6,0x0,nessuno,67176
1790751078.4,,,0,0,156208,244596,0,0,18060,42568,0,0,45.1,0x0,nessuno,67176
1790751108.4,,,0,0,156096,244596,0,0,17692,42568,0,0,45.1,0x0,nessuno,67176
1790751138.4,,,0,0,155964,244596,0,0,17184,42568,0,0,45.6,0x0,nessuno,67176
1790751168.4,,,0,0,156064,244596,0,0,17788,42568,0,0,45.6,0x0,nessuno,67176
1790751198.4,,,0,0,155856,244596,0,0,17352,42568,0,0,45.1,0x0,nessuno,67176
1790751228.4,,,0,0,156032,244596,0,0,17932,42568,0,0,45.1,0x0,nessuno,67176
1790751258.5,,,0,0,156168,244596,0,0,17620,42568,0,0,45.1,0x0,nessuno,67176
1790751288.5,,,0,0,156296,244596,0,0,18096,42568,0,0,46.2,0x0,nessuno,67176
1790751318.5,,,0,0,156168,244596,0,0,17392,42568,0,0,45.1,0x0,nessuno,67176
1790751348.5,,,0,0,156216,244596,0,0,17488,42568,0,0,46.2,0x0,nessuno,67176
1790751378.5,,,0,0,156156,244596,0,0,17872,42568,0,0,45.6,0x0,nessuno,67176
1790751408.5,,,0,0,155892,244596,0,0,17408,42568,0,0,45.6,0x0,nessuno,67176
1790751438.5,,,0,0,156256,244596,0,0,17136,42568,0,0,45.6,0x0,nessuno,67176
1790751468.5,,,0,0,155988,244596,0,0,17864,42568,0,0,46.2,0x0,nessuno,67176
1790751498.5,,,0,0,155964,244596,0,0,17768,42568,0,0,46.2,0x0,nessuno,67176
1790751528.6,,,0,0,156256,244596,0,0,17820,42568,0,0,46.2,0x0,nessuno,67176
1790751558.6,,,0,0,156100,244596,0,0,17644,42568,0,0,45.6,0x0,nessuno,67176
1790751588.6,,,0,0,156240,244596,0,0,17264,42568,0,0,46.2,0x0,nessuno,67176
1790751618.6,,,0,0,156088,244596,0,0,17640,42568,0,0,45.6,0x0,nessuno,67176
1790751648.6,,,0,0,156048,244596,0,0,17908,42568,0,0,45.6,0x0,nessuno,67176
1790751678.6,,,0,0,156008,244596,0,0,16976,42568,0,0,45.6,0x0,nessuno,67176
1790751708.6,,,0,0,155960,244596,0,0,17808,42568,0,0,45.6,0x0,nessuno,67176
1790751738.6,,,0,0,156144,244596,0,0,17564,42568,0,0,46.2,0x0,nessuno,67176
1790751768.6,,,0,0,155812,244596,0,0,17560,42568,0,0,44.0,0x0,nessuno,67416
1790751798.7,,,0,0,155940,244596,0,0,17660,42568,0,0,45.1,0x0,nessuno,67416
1790751828.7,,,0,0,159724,244596,0,0,17604,42568,0,0,46.2,0x0,nessuno,67620
1790751858.7,,,0,0,170724,244596,0,0,17124,42568,0,0,45.1,0x0,nessuno,67540
1790751888.7,,,0,0,170968,244596,0,0,17824,42568,0,0,45.6,0x0,nessuno,67528
1790751918.7,,,0,0,156008,244596,0,0,18064,42568,0,0,45.1,0x0,nessuno,67528
1790751948.7,,,0,0,156100,244596,0,0,17248,42568,0,0,45.6,0x0,nessuno,67520
1790751978.7,,,0,0,155844,244596,0,0,18092,42568,0,0,44.5,0x0,nessuno,67820
1790752008.7,,,0,0,156004,244596,0,0,17076,42568,0,0,45.1,0x0,nessuno,67812
1790752038.7,,,0,0,155576,244596,0,0,17248,42568,0,0,45.1,0x0,nessuno,68256
1790752068.8,,,0,0,155196,244596,0,0,17300,42568,0,0,45.1,0x0,nessuno,68256
1790752098.8,,,0,0,155596,244596,0,0,17204,42568,0,0,45.1,0x0,nessuno,68256
1790752128.8,,,0,0,155264,244596,0,0,17164,42568,0,0,45.6,0x0,nessuno,68252
1790752158.8,,,0,0,155204,244596,0,0,17328,42568,0,0,45.6,0x0,nessuno,68252
1790752188.8,,,0,0,155444,244596,0,0,17104,42568,0,0,45.6,0x0,nessuno,68252
1790752218.8,,,0,0,155552,244596,0,0,17836,42568,0,0,45.1,0x0,nessuno,68252
1790752248.8,,,0,0,155452,244596,0,0,17888,42568,0,0,45.6,0x0,nessuno,68252
1790752278.8,,,0,0,155444,244596,0,0,18028,42568,0,0,45.6,0x0,nessuno,68252
1790752308.8,,,0,0,155428,244596,0,0,17908,42568,0,0,45.1,0x0,nessuno,68252
1790752338.9,,,0,0,155468,244596,0,0,17248,42568,0,0,45.1,0x0,nessuno,68252
1790752368.9,,,0,0,155288,244596,0,0,17784,42568,0,0,45.6,0x0,nessuno,68252
1790752398.9,,,0,0,155480,244596,0,0,17708,42568,0,0,45.1,0x0,nessuno,68252
1790752428.9,,,0,0,155604,244596,0,0,17508,42568,0,0,45.1,0x0,nessuno,68252
1790752458.9,,,0,0,155612,244596,0,0,17848,42568,0,0,45.1,0x0,nessuno,68252
1790752488.9,,,0,0,155236,244596,0,0,17880,42568,0,0,45.6,0x0,nessuno,68252
1790752518.9,,,0,0,155428,244596,0,0,17320,42568,0,0,45.1,0x0,nessuno,68252
1790752548.9,,,0,0,155456,244596,0,0,17284,42568,0,0,45.1,0x0,nessuno,68252
1790752578.9,,,0,0,155048,244596,0,0,17892,42568,0,0,45.1,0x0,nessuno,68252
1790752609.0,,,0,0,155700,244596,0,0,17712,42568,0,0,46.2,0x0,nessuno,68252
1790752639.0,,,0,0,155640,244596,0,0,17780,42568,0,0,45.6,0x0,nessuno,68252
1790752669.0,,,0,0,155656,244596,0,0,16888,42568,0,0,45.1,0x0,nessuno,68252
1790752699.0,,,0,0,155512,244596,0,0,17948,42568,0,0,45.1,0x0,nessuno,68252
1790752729.0,,,0,0,155624,244596,0,0,17700,42568,0,0,45.1,0x0,nessuno,68252
1790752759.0,,,0,0,155664,244596,0,0,17664,42568,0,0,45.1,0x0,nessuno,68252
1790752789.0,,,0,0,155280,244596,0,0,17652,42568,0,0,45.1,0x0,nessuno,68252
1790752819.0,,,0,0,155416,244596,0,0,18452,42568,0,0,45.1,0x0,nessuno,68252
1790752849.1,,,0,0,155524,244596,0,0,18092,42568,0,0,45.1,0x0,nessuno,68252
1790752879.1,,,0,0,155388,244596,0,0,17836,42568,0,0,45.6,0x0,nessuno,68252
1790752909.1,,,0,0,155552,244596,0,0,17960,42568,0,0,45.6,0x0,nessuno,68252
1790752939.1,,,0,0,155312,244596,0,0,17644,42568,0,0,45.1,0x0,nessuno,68252
1790752969.1,,,0,0,155336,244596,0,0,17832,42568,0,0,45.6,0x0,nessuno,68252
1790752999.1,,,0,0,155560,244596,0,0,17880,42568,0,0,45.6,0x0,nessuno,68252
1790753029.1,,,0,0,155432,244596,0,0,17248,42568,0,0,45.1,0x0,nessuno,68252
1790753059.1,,,0,0,155124,244596,0,0,17228,42568,0,0,45.1,0x0,nessuno,68252
1790753089.1,,,0,0,155588,244596,0,0,18044,42568,0,0,45.6,0x0,nessuno,68252
1790753119.2,,,0,0,155472,244596,0,0,17064,42568,0,0,45.6,0x0,nessuno,68252
1790753149.2,,,0,0,155652,244596,0,0,18520,42568,0,0,45.1,0x0,nessuno,68252
1790753179.2,,,0,0,155376,244596,0,0,17640,42568,0,0,45.6,0x0,nessuno,68252
1790753209.2,,,0,0,155680,244596,0,0,17860,42568,0,0,45.1,0x0,nessuno,68252
1790753239.2,,,0,0,155576,244596,0,0,17448,42568,0,0,45.1,0x0,nessuno,68252
1790753269.2,,,0,0,155616,244596,0,0,17364,42568,0,0,45.1,0x0,nessuno,68252
1790753299.2,,,0,0,155240,244596,0,0,17232,42568,0,0,45.6,0x0,nessuno,68252
1790753329.2,,,0,0,155508,244596,0,0,17576,42568,0,0,45.1,0x0,nessuno,68252
1790753359.2,,,0,0,155448,244596,0,0,18240,42568,0,0,45.1,0x0,nessuno,68248
1790753389.3,,,0,0,155440,244596,0,0,17720,42568,0,0,45.6,0x0,nessuno,68248
1790753419.3,,,0,0,155552,244596,0,0,17804,42568,0,0,45.6,0x0,nessuno,68248
1790753449.3,,,0,0,155520,244596,0,0,17688,42568,0,0,45.6,0x0,nessuno,68248
1790753479.3,,,0,0,155256,244596,0,0,18200,42568,0,0,45.6,0x0,nessuno,68248
1790753509.3,,,0,0,155412,244596,0,0,17640,42568,0,0,45.1,0x0,nessuno,68248
1790753539.3,,,0,0,155652,244596,0,0,17968,42568,0,0,45.1,0x0,nessuno,68248
1790753569.3,,,0,0,155364,244596,0,0,18396,42568,0,0,45.6,0x0,nessuno,68248
1790753599.3,,,0,0,155572,244596,0,0,17304,42568,0,0,45.1,0x0,nessuno,68248
1790753629.3,,,0,0,155224,244596,0,0,17772,42568,0,0,46.2,0x0,nessuno,68248
1790753659.4,,,0,0,155376,244596,0,0,17252,42568,0,0,45.1,0x0,nessuno,68248
1790753689.4,,,0,0,155360,244596,0,0,18196,42568,0,0,45.1,0x0,nessuno,68248
1790753719.4,,,0,0,155268,244596,0,0,18300,42568,0,0,45.1,0x0,nessuno,68248
1790753749.4,,,0,0,155652,244596,0,0,17972,42568,0,0,45.1,0x0,nessuno,68248
1790753779.4,,,0,0,155492,244596,0,0,18168,42568,0,0,45.1,0x0,nessuno,68248
1790753809.4,,,0,0,155420,244596,0,0,17428,42568,0,0,45.6,0x0,nessuno,68248
1790753839.4,,,0,0,155376,244596,0,0,18248,42568,0,0,45.1,0x0,nessuno,68248
1790753869.4,,,0,0,155692,244596,0,0,17000,42568,0,0,45.1,0x0,nessuno,68248
1790753899.4,,,0,0,155432,244596,0,0,17072,42568,0,0,45.1,0x0,nessuno,68248
1790753929.5,,,0,0,155600,244596,0,0,17252,42568,0,0,45.6,0x0,nessuno,68248
1790753959.5,,,0,0,155256,244596,0,0,18004,42568,0,0,44.5,0x0,nessuno,68248
1790753989.5,,,0,0,155280,244596,0,0,18248,42568,0,0,45.6,0x0,nessuno,68248
1790754019.5,,,0,0,155380,244596,0,0,18068,42568,0,0,45.1,0x0,nessuno,68248
1790754049.5,,,0,0,155624,244596,0,0,17384,42568,0,0,45.6,0x0,nessuno,68248
1790754079.5,,,0,0,155544,244596,0,0,17292,42568,0,0,45.1,0x0,nessuno,68248
1790754109.5,,,0,0,155108,244596,0,0,17860,42568,0,0,45.1,0x0,nessuno,68248
1790754139.5,,,0,0,155280,244596,0,0,17412,42568,0,0,45.1,0x0,nessuno,68248
1790754169.6,,,0,0,155532,244596,0,0,16908,42568,0,0,45.1,0x0,nessuno,68248
1790754199.6,,,0,0,155616,244596,0,0,17500,42568,0,0,45.1,0x0,nessuno,68248
1790754229.6,,,0,0,155300,244596,0,0,17840,42568,0,0,45.1,0x0,nessuno,68248
1790754259.6,,,0,0,155444,244596,0,0,17760,42568,0,0,45.1,0x0,nessuno,68248
1790754289.6,,,0,0,155500,244596,0,0,17096,42568,0,0,45.1,0x0,nessuno,68248
1790754319.6,,,0,0,155416,244596,0,0,17632,42568,0,0,45.1,0x0,nessuno,68248
1790754349.6,,,0,0,155632,244596,0,0,17840,42568,0,0,45.6,0x0,nessuno,68248
1790754379.6,,,0,0,155536,244596,0,0,17908,42568,0,0,45.1,0x0,nessuno,68248
1790754409.6,,,0,0,155488,244596,0,0,17716,42568,0,0,45.6,0x0,nessuno,68248
1790754439.6,,,0,0,155504,244596,0,0,17808,42568,0,0,45.1,0x0,nessuno,68248
1790754469.7,,,0,0,155308,244596,0,0,17900,42568,0,0,45.6,0x0,nessuno,68248
1790754499.7,,,0,0,155648,244596,0,0,18344,42568,0,0,45.1,0x0,nessuno,68248
1790754529.7,,,0,0,155560,244596,0,0,16828,42568,0,0,45.1,0x0,nessuno,68248
1790754559.7,,,0,0,155452,244596,0,0,17732,42568,0,0,45.6,0x0,nessuno,68248
1790754589.7,,,0,0,155492,244596,0,0,17744,42568,0,0,45.1,0x0,nessuno,68248
1790754619.7,,,0,0,155312,244596,0,0,17912,42568,0,0,45.1,0x0,nessuno,68248
1790754649.7,,,0,0,155664,244596,0,0,17204,42568,0,0,45.1,0x0,nessuno,68248
1790754679.7,,,0,0,155424,244596,0,0,17040,42568,0,0,45.1,0x0,nessuno,68248
1790754709.7,,,0,0,155672,244596,0,0,17948,42568,0,0,45.1,0x0,nessuno,68248
1790754739.8,,,0,0,155576,244596,0,0,17772,42568,0,0,45.1,0x0,nessuno,68248
1790754769.8,,,0,0,155488,244596,0,0,18000,42568,0,0,45.1,0x0,nessuno,68248
1790754799.8,,,0,0,155576,244596,0,0,17020,42568,0,0,45.1,0x0,nessuno,68248
1790754829.8,,,0,0,155692,244596,0,0,17092,42568,0,0,45.1,0x0,nessuno,68248
1790754859.8,,,0,0,155556,244596,0,0,16948,42568,0,0,45.1,0x0,nessuno,68248
1790754889.8,,,0,0,155388,244596,0,0,17872,42568,0,0,45.6,0x0,nessuno,68248
1790754919.8,,,0,0,155680,244596,0,0,18000,42568,0,0,45.6,0x0,nessuno,68248
1790754949.8,,,0,0,155652,244596,0,0,18144,42568,0,0,45.6,0x0,nessuno,68248
1790754979.9,,,0,0,155388,244596,0,0,17536,42568,0,0,45.6,0x0,nessuno,68248
1790755009.9,,,0,0,155592,244596,0,0,17232,42568,0,0,45.6,0x0,nessuno,68248
1790755039.9,,,0,0,155192,244596,0,0,17748,42568,0,0,45.1,0x0,nessuno,68248
1790755069.9,,,0,0,155388,244596,0,0,17612,42568,0,0,45.6,0x0,nessuno,68248
1790755099.9,,,0,0,155136,244596,0,0,17296,42568,0,0,45.1,0x0,nessuno,68248
1790755129.9,,,0,0,155688,244596,0,0,18072,42568,0,0,45.6,0x0,nessuno,68248
1790755159.9,,,0,0,155392,244596,0,0,18104,42568,0,0,45.1,0x0,nessuno,68248
1790755189.9,,,0,0,155260,244596,0,0,17012,42568,0,0,45.6,0x0,nessuno,68248
1790755219.9,,,0,0,155360,244596,0,0,18244,42568,0,0,45.1,0x0,nessuno,68248
1790755250.0,,,0,0,155560,244596,0,0,17788,42568,0,0,46.2,0x0,nessuno,68248
1790755280.0,,,0,0,155536,244596,0,0,17012,42568,0,0,45.6,0x0,nessuno,68248
1790755310.0,,,0,0,155620,244596,0,0,17400,42568,0,0,45.6,0x0,nessuno,68248
1790755340.0,,,0,0,155204,244596,0,0,16924,42568,0,0,45.1,0x0,nessuno,68248
1790755370.0,,,0,0,155248,244596,0,0,17168,42568,0,0,46.2,0x0,nessuno,68488
1790755400.0,,,0,0,155332,244596,0,0,17860,42568,0,0,45.1,0x0,nessuno,68476
1790755430.0,,,0,0,154912,244596,0,0,17724,42568,0,0,45.1,0x0,nessuno,68800
1790755460.0,,,0,0,154572,244596,0,0,17480,42568,0,0,44.5,0x0,nessuno,69264
1790755490.0,,,0,0,154384,244596,0,0,17324,42568,0,0,45.1,0x0,nessuno,69260
1790755520.0,,,0,0,154716,244596,0,0,17644,42568,0,0,45.1,0x0,nessuno,69248
1790755550.1,,,0,0,154412,244596,0,0,17412,42568,0,0,44.0,0x0,nessuno,69680
1790755580.1,,,0,0,154280,244596,0,0,17676,42568,0,0,45.1,0x0,nessuno,69664
1790755610.1,,,0,0,154220,244596,0,0,17352,42568,0,0,45.1,0x0,nessuno,69660
1790755640.1,,,0,0,154060,244596,0,0,17536,42568,0,0,45.1,0x0,nessuno,69916
1790755670.1,,,0,0,153800,244596,0,0,17232,42568,0,0,45.6,0x0,nessuno,69916
1790755700.1,,,0,0,154124,244596,0,0,17860,42568,0,0,45.1,0x0,nessuno,69916
1790755730.1,,,0,0,154172,244596,0,0,17468,42568,0,0,45.1,0x0,nessuno,69916
1790755760.1,,,0,0,154280,244596,0,0,17944,42568,0,0,45.1,0x0,nessuno,69916
1790755790.2,,,0,0,154180,244596,0,0,17156,42568,0,0,46.2,0x0,nessuno,69892
1790755820.2,,,0,0,154292,244596,0,0,17504,42568,0,0,45.1,0x0,nessuno,69892
1790755850.2,,,0,0,154200,244596,0,0,16952,42568,0,0,45.6,0x0,nessuno,69892
1790755880.2,,,0,0,154240,244596,0,0,17480,42568,0,0,45.6,0x0,nessuno,69892
1790755910.2,,,0,0,154008,244596,0,0,16968,42568,0,0,45.6,0x0,nessuno,69892
1790755940.2,,,0,0,154148,244596,0,0,17956,42568,0,0,45.6,0x0,nessuno,69892
1790755970.2,,,0,0,153844,244596,0,0,17416,42568,0,0,46.2,0x0,nessuno,69892
1790756000.2,,,0,0,154112,244596,0,0,16976,42568,0,0,45.6,0x0,nessuno,69892
1790756030.2,,,0,0,154132,244596,0,0,17232,42568,0,0,46.2,0x0,nessuno,69892
1790756060.2,,,0,0,154012,244596,0,0,17904,42568,0,0,45.6,0x0,nessuno,69892
1790756090.3,,,0,0,154156,244596,0,0,18344,42568,0,0,45.6,0x0,nessuno,69892
1790756120.3,,,0,0,154252,244596,0,0,17732,42568,0,0,46.2,0x0,nessuno,69880
1790756150.3,,,0,0,154260,244596,0,0,18020,42568,0,0,46.2,0x0,nessuno,69880
1790756180.3,,,0,0,154176,244596,0,0,17636,42568,0,0,45.1,0x0,nessuno,69880
1790756210.3,,,0,0,154296,244596,0,0,17772,42568,0,0,45.6,0x0,nessuno,69880
1790756240.3,,,0,0,153944,244596,0,0,17640,42568,0,0,45.6,0x0,nessuno,69880
1790756270.3,,,0,0,154360,244596,0,0,18084,42568,0,0,45.6,0x0,nessuno,69880
1790756300.3,,,0,0,154252,244596,0,0,17880,42568,0,0,45.6,0x0,nessuno,69880
1790756330.3,,,0,0,154356,244596,0,0,17812,42568,0,0,46.2,0x0,nessuno,69880
1790756360.3,,,0,0,154264,244596,0,0,17896,42568,0,0,45.6,0x0,nessuno,69880
1790756390.4,,,0,0,154432,244596,0,0,17960,42568,0,0,45.6,0x0,nessuno,69880
1790756420.4,,,0,0,154160,244596,0,0,17656,42568,0,0,45.1,0x0,nessuno,69880
1790756450.4,,,0,0,154056,244596,0,0,16820,42568,0,0,45.6,0x0,nessuno,69880
1790756480.4,,,0,0,153960,244596,0,0,18036,42568,0,0,45.1,0x0,nessuno,69880
1790756510.4,,,0,0,154356,244596,0,0,17716,42568,0,0,46.2,0x0,nessuno,69880
1790756540.4,,,0,0,154000,244596,0,0,17652,42568,0,0,45.6,0x0,nessuno,69880
1790756570.4,,,0,0,153956,244596,0,0,17460,42568,0,0,45.6,0x0,nessuno,69880
1790756600.4,,,0,0,153996,244596,0,0,17920,42568,0,0,45.6,0x0,nessuno,69880
1790756630.4,,,0,0,154176,244596,0,0,17508,42568,0,0,45.6,0x0,nessuno,69880
1790756660.5,,,0,0,154096,244596,0,0,16932,42568,0,0,45.6,0x0,nessuno,69880
1790756690.5,,,0,0,154396,244596,0,0,18072,42568,0,0,47.2,0x0,nessuno,69880
1790756720.5,,,0,0,154308,244596,0,0,17232,42568,0,0,46.2,0x0,nessuno,69880
1790756750.5,,,0,0,154160,244596,0,0,17692,42568,0,0,45.1,0x0,nessuno,69880
1790756780.5,,,0,0,154220,244596,0,0,17796,42568,0,0,46.2,0x0,nessuno,69880
1790756810.5,,,0,0,154036,244596,0,0,17540,42568,0,0,46.2,0x0,nessuno,69880
1790756840.5,,,0,0,153932,244596,0,0,17932,42568,0,0,45.6,0x0,nessuno,69880
1790756870.5,,,0,0,154116,244596,0,0,18036,42568,0,0,46.2,0x0,nessuno,69880
1790756900.5,,,0,0,153996,244596,0,0,17912,42568,0,0,45.6,0x0,nessuno,69880
1790756930.6,,,0,0,154240,244596,0,0,17816,42568,0,0,45.6,0x0,nessuno,69880
1790756960.6,,,0,0,154280,244596,0,0,17596,42568,0,0,45.6,0x0,nessuno,69880
1790756990.6,,,0,0,153984,244596,0,0,17988,42568,0,0,46.2,0x0,nessuno,69880
1790757020.6,,,0,0,154080,244596,0,0,17992,42568,0,0,45.6,0x0,nessuno,69880
1790757050.6,,,0,0,154408,244596,0,0,17768,42568,0,0,46.2,0x0,nessuno,69880
1790757080.6,,,0,0,153964,244596,0,0,17696,42568,0,0,46.2,0x0,nessuno,69880
1790757110.6,,,0,0,154024,244596,0,0,17268,42568,0,0,46.2,0x0,nessuno,69880
1790757140.6,,,0,0,154212,244596,0,0,17356,42568,0,0,45.6,0x0,nessuno,69880
1790757170.6,,,0,0,154144,244596,0,0,17952,42568,0,0,45.6,0x0,nessuno,69880
1790757200.7,,,0,0,154272,244596,0,0,17272,42568,0,0,45.1,0x0,nessuno,69880
1790757230.7,,,0,0,153748,244596,0,0,17516,42568,0,0,46.2,0x0,nessuno,69880
1790757260.7,,,0,0,154420,244596,0,0,16960,42568,0,0,45.6,0x0,nessuno,69880
1790757290.7,,,0,0,154252,244596,0,0,17780,42568,0,0,45.6,0x0,nessuno,69880
1790757320.7,,,0,0,154148,244596,0,0,17980,42568,0,0,46.2,0x0,nessuno,69880
1790757350.7,,,0,0,154264,244596,0,0,18144,42568,0,0,45.6,0x0,nessuno,69880
1790757380.7,,,0,0,154328,244596,0,0,18004,42568,0,0,45.6,0x0,nessuno,69880
1790757410.7,,,0,0,154184,244596,0,0,17436,42568,0,0,46.2,0x0,nessuno,69880
1790757440.7,,,0,0,154260,244596,0,0,17504,42568,0,0,46.2,0x0,nessuno,69880
1790757470.8,,,0,0,154064,244596,0,0,18200,42568,0,0,45.6,0x0,nessuno,69880
1790757500.8,,,0,0,154332,244596,0,0,17468,42568,0,0,46.2,0x0,nessuno,69880
1790757530.8,,,0,0,153948,244596,0,0,17624,42568,0,0,45.6,0x0,nessuno,69880
1790757560.8,,,0,0,154040,244596,0,0,17748,42568,0,0,45.6,0x0,nessuno,69880
1790757590.8,,,0,0,153956,244596,0,0,17112,42568,0,0,46.2,0x0,nessuno,69880
1790757620.8,,,0,0,153836,244596,0,0,17788,42568,0,0,46.2,0x0,nessuno,69880
1790757650.8,,,0,0,154204,244596,0,0,17544,42568,0,0,45.6,0x0,nessuno,69880
1790757680.8,,,0,0,154264,244596,0,0,17228,42568,0,0,46.2,0x0,nessuno,69880
1790757710.8,,,0,0,154384,244596,0,0,17016,42568,0,0,46.2,0x0,nessuno,69880
1790757740.8,,,0,0,154064,244596,0,0,17520,42568,0,0,46.2,0x0,nessuno,69880
1790757770.9,,,0,0,154080,244596,0,0,17164,42568,0,0,46.2,0x0,nessuno,69880
1790757800.9,,,0,0,154212,244596,0,0,17520,42568,0,0,45.6,0x0,nessuno,69880
1790757830.9,,,0,0,154240,244596,0,0,17268,42568,0,0,45.6,0x0,nessuno,69880
1790757860.9,,,0,0,154148,244596,0,0,17908,42568,0,0,46.2,0x0,nessuno,69880
1790757890.9,,,0,0,154128,244596,0,0,17992,42568,0,0,45.6,0x0,nessuno,69880
1790757920.9,,,0,0,154272,244596,0,0,18008,42568,0,0,45.6,0x0,nessuno,69880
1790757950.9,,,0,0,154252,244596,0,0,17708,42568,0,0,46.7,0x0,nessuno,69880
1790757980.9,,,0,0,153992,244596,0,0,17660,42568,0,0,45.6,0x0,nessuno,69880
1790758010.9,,,0,0,154124,244596,0,0,16632,42568,0,0,46.2,0x0,nessuno,69880
1790758041.0,,,0,0,153928,244596,0,0,17812,42568,0,0,45.6,0x0,nessuno,69880
1790758071.0,,,0,0,154064,244596,0,0,17476,42568,0,0,45.6,0x0,nessuno,69880
1790758101.0,,,0,0,154164,244596,0,0,17752,42568,0,0,45.6,0x0,nessuno,69880
1790758131.0,,,0,0,154088,244596,0,0,17880,42568,0,0,47.2,0x0,nessuno,69880
1790758161.0,,,0,0,154104,244596,0,0,17736,42568,0,0,45.1,0x0,nessuno,69880
1790758191.0,,,0,0,154220,244596,0,0,17632,42568,0,0,46.2,0x0,nessuno,69880
1790758221.0,,,0,0,153848,244596,0,0,17916,42568,0,0,45.6,0x0,nessuno,69880
1790758251.0,,,0,0,154080,244596,0,0,16728,42568,0,0,45.6,0x0,nessuno,69880
1790758281.0,,,0,0,154316,244596,0,0,18188,42568,0,0,46.2,0x0,nessuno,69880
1790758311.0,,,0,0,154068,244596,0,0,17356,42568,0,0,47.2,0x0,nessuno,69880
1790758341.1,,,0,0,154356,244596,0,0,18040,42568,0,0,46.2,0x0,nessuno,69880
1790758371.1,,,0,0,153996,244596,0,0,17732,42568,0,0,46.2,0x0,nessuno,69880
1790758401.1,,,0,0,154364,244596,0,0,17796,42568,0,0,46.2,0x0,nessuno,69880
1790758431.1,,,0,0,154148,244596,0,0,17504,42568,0,0,45.6,0x0,nessuno,69880
1790758461.1,,,0,0,154160,244596,0,0,18120,42568,0,0,46.2,0x0,nessuno,69880
1790758491.1,,,0,0,154292,244596,0,0,18004,42568,0,0,47.2,0x0,nessuno,69880
1790758521.1,,,0,0,154136,244596,0,0,17920,42568,0,0,46.2,0x0,nessuno,69880
1790758551.1,,,0,0,154240,244596,0,0,17808,42568,0,0,46.2,0x0,nessuno,69880
1790758581.1,,,0,0,154284,244596,0,0,17580,42568,0,0,46.2,0x0,nessuno,69880
1790758611.2,,,0,0,154384,244596,0,0,17020,42568,0,0,45.6,0x0,nessuno,69880
1790758641.2,,,0,0,154164,244596,0,0,17316,42568,0,0,46.2,0x0,nessuno,69880
1790758671.2,,,0,0,154060,244596,0,0,17788,42568,0,0,47.2,0x0,nessuno,69880
1790758701.2,,,0,0,154212,244596,0,0,17760,42568,0,0,45.6,0x0,nessuno,69880
1790758731.2,,,0,0,154264,244596,0,0,17676,42568,0,0,45.6,0x0,nessuno,69880
1790758761.2,,,0,0,154312,244596,0,0,17832,42568,0,0,45.6,0x0,nessuno,69880
1790758791.2,,,0,0,153992,244596,0,0,17236,42568,0,0,46.2,0x0,nessuno,69880
1790758821.2,,,0,0,154036,244596,0,0,17844,42568,0,0,45.6,0x0,nessuno,69880
1790758851.2,,,0,0,154356,244596,0,0,17608,42568,0,0,46.7,0x0,nessuno,69880
1790758881.3,,,0,0,154160,244596,0,0,17768,42568,0,0,46.2,0x0,nessuno,69880
1790758911.3,,,0,0,154448,244596,0,0,17668,42568,0,0,45.6,0x0,nessuno,69880
1790758941.3,,,0,0,154264,244596,0,0,18112,42568,0,0,46.2,0x0,nessuno,69880
1790758971.3,,,0,0,153724,244596,0,0,17772,42568,0,0,45.1,0x0,nessuno,70324
1790759001.3,,,0,0,153868,244596,0,0,16836,42568,0,0,45.6,0x0,nessuno,70288
1790759031.3,,,0,0,155360,244596,0,0,17752,42568,0,0,46.2,0x0,nessuno,68916
1790759061.3,,,0,0,163612,244596,0,0,17924,42568,0,0,45.6,0x0,nessuno,70192
1790759091.3,,,0,0,153896,244596,0,0,17624,42568,0,0,44.5,0x0,nessuno,70192
1790759121.3,,,0,0,158792,244596,0,0,17584,42568,0,0,45.6,0x0,nessuno,70188
1790759151.4,,,0,0,153684,244596,0,0,17300,42568,0,0,45.6,0x0,nessuno,70688
1790759181.4,,,0,0,153752,244596,0,0,17424,42568,0,0,45.1,0x0,nessuno,70684
1790759211.4,,,0,0,153740,244596,0,0,17972,42568,0,0,47.2,0x0,nessuno,70676
1790759241.4,,,0,0,153804,244596,0,0,17996,42568,0,0,45.1,0x0,nessuno,70676
1790759271.4,,,0,0,153636,244596,0,0,17700,42568,0,0,45.6,0x0,nessuno,70676
1790759301.4,,,0,0,153784,244596,0,0,17324,42568,0,0,45.1,0x0,nessuno,70676
1790759331.4,,,0,0,153888,244596,0,0,17380,42568,0,0,46.2,0x0,nessuno,70676
1790759361.4,,,0,0,153532,244596,0,0,17288,42568,0,0,45.6,0x0,nessuno,70676
1790759391.5,,,0,0,153656,244596,0,0,17852,42568,0,0,46.7,0x0,nessuno,70676
1790759421.5,,,0,0,153696,244596,0,0,18252,42568,0,0,45.6,0x0,nessuno,70676
1790759451.5,,,0,0,153952,244596,0,0,17028,42568,0,0,46.2,0x0,nessuno,70676
1790759481.5,,,0,0,153768,244596,0,0,17768,42568,0,0,46.2,0x0,nessuno,70676
1790759511.5,,,0,0,153748,244596,0,0,17852,42568,0,0,46.2,0x0,nessuno,70676
1790759541.5,,,0,0,153744,244596,0,0,17456,42568,0,0,45.6,0x0,nessuno,70676
1790759571.5,,,0,0,153308,244596,0,0,17760,42568,0,0,46.2,0x0,nessuno,70676
1790759601.5,,,0,0,153812,244596,0,0,16904,42568,0,0,45.6,0x0,nessuno,70676
1790759631.5,,,0,0,154060,244596,0,0,17744,42568,0,0,45.6,0x0,nessuno,70676
1790759661.6,,,0,0,153852,244596,0,0,17660,42568,0,0,46.2,0x0,nessuno,70676
1790759691.6,,,0,0,153948,244596,0,0,17944,42568,0,0,46.2,0x0,nessuno,70676
1790759721.6,,,0,0,153668,244596,0,0,17076,42568,0,0,45.1,0x0,nessuno,70676
1790759751.6,,,0,0,153556,244596,0,0,17164,42568,0,0,46.2,0x0,nessuno,70676
1790759781.6,,,0,0,153772,244596,0,0,17732,42568,0,0,45.6,0x0,nessuno,70676
1790759811.6,,,0,0,153944,244596,0,0,17332,42568,0,0,45.1,0x0,nessuno,70676
1790759841.6,,,0,0,153816,244596,0,0,17200,42568,0,0,45.6,0x0,nessuno,70676
1790759871.6,,,0,0,153800,244596,0,0,17588,42568,0,0,45.6,0x0,nessuno,70676
1790759901.6,,,0,0,153572,244596,0,0,18064,42568,0,0,45.6,0x0,nessuno,70676
1790759931.7,,,0,0,153828,244596,0,0,17468,42568,0,0,46.2,0x0,nessuno,70676
1790759961.7,,,0,0,153536,244596,0,0,17804,42568,0,0,46.2,0x0,nessuno,70676
1790759991.7,,,0,0,153496,244596,0,0,17776,42568,0,0,45.6,0x0,nessuno,70676
1790760021.7,,,0,0,153544,244596,0,0,17788,42568,0,0,46.2,0x0,nessuno,70676
1790760051.7,,,0,0,153928,244596,0,0,16868,42568,0,0,45.1,0x0,nessuno,70676
1790760081.7,,,0,0,153928,244596,0,0,17904,42568,0,0,46.2,0x0,nessuno,70676
1790760111.7,,,0,0,153504,244596,0,0,17452,42568,0,0,46.2,0x0,nessuno,70676
1790760141.7,,,0,0,153608,244596,0,0,17908,42568,0,0,45.6,0x0,nessuno,70676
1790760171.8,,,0,0,153716,244596,0,0,17192,42568,0,0,45.6,0x0,nessuno,70676
1790760201.8,,,0,0,153756,244596,0,0,17708,42568,0,0,45.6,0x0,nessuno,70676
1790760231.8,,,0,0,153840,244596,0,0,17484,42568,0,0,45.6,0x0,nessuno,70676
1790760261.8,,,0,0,153496,244596,0,0,18016,42568,0,0,45.1,0x0,nessuno,70676
1790760291.8,,,0,0,153760,244596,0,0,17968,42568,0,0,46.2,0x0,nessuno,70676
1790760321.8,,,0,0,153580,244596,0,0,17292,42568,0,0,46.2,0x0,nessuno,70676
1790760351.8,,,0,0,153828,244596,0,0,17624,42568,0,0,45.1,0x0,nessuno,70676
1790760381.8,,,0,0,153912,244596,0,0,18164,42568,0,0,45.6,0x0,nessuno,70676
1790760411.8,,,0,0,153868,244596,0,0,17980,42568,0,0,46.2,0x0,nessuno,70676
1790760441.9,,,0,0,153920,244596,0,0,17676,42568,0,0,45.6,0x0,nessuno,70676
1790760471.9,,,0,0,153620,244596,0,0,17272,42568,0,0,46.7,0x0,nessuno,70676
1790760501.9,,,0,0,153916,244596,0,0,18044,42568,0,0,45.6,0x0,nessuno,70676
1790760531.9,,,0,0,153772,244596,0,0,16792,42568,0,0,46.2,0x0,nessuno,70676
1790760561.9,,,0,0,153836,244596,0,0,17892,42568,0,0,45.6,0x0,nessuno,70676
1790760591.9,,,0,0,153444,244596,0,0,17632,42568,0,0,45.1,0x0,nessuno,70676
1790760621.9,,,0,0,153404,244596,0,0,17896,42568,0,0,45.6,0x0,nessuno,70676
1790760651.9,,,0,0,153720,244596,0,0,17816,42568,0,0,46.2,0x0,nessuno,70676
1790760681.9,,,0,0,153528,244596,0,0,17528,42568,0,0,46.2,0x0,nessuno,70676
1790760712.0,,,0,0,153924,244596,0,0,17648,42568,0,0,45.6,0x0,nessuno,70676
1790760742.0,,,0,0,153796,244596,0,0,17092,42568,0,0,46.2,0x0,nessuno,70676
1790760772.0,,,0,0,153756,244596,0,0,17608,42568,0,0,45.6,0x0,nessuno,70676
1790760802.0,,,0,0,153832,244596,0,0,17784,42568,0,0,45.6,0x0,nessuno,70676
1790760832.0,,,0,0,153872,244596,0,0,17312,42568,0,0,45.6,0x0,nessuno,70676
1790760862.0,,,0,0,153720,244596,0,0,17640,42568,0,0,45.6,0x0,nessuno,70676
1790760892.0,,,0,0,153512,244596,0,0,17676,42568,0,0,45.6,0x0,nessuno,70676
1790760922.0,,,0,0,153912,244596,0,0,16764,42568,0,0,45.1,0x0,nessuno,70676
1790760952.0,,,0,0,153800,244596,0,0,17128,42568,0,0,45.6,0x0,nessuno,70676
1790760982.1,,,0,0,153892,244596,0,0,17308,42568,0,0,45.6,0x0,nessuno,70676
1790761012.1,,,0,0,153788,244596,0,0,17380,42568,0,0,45.6,0x0,nessuno,70676
1790761042.1,,,0,0,153844,244596,0,0,17828,42568,0,0,46.2,0x0,nessuno,70676
1790761072.1,,,0,0,153700,244596,0,0,17980,42568,0,0,45.6,0x0,nessuno,70676
1790761102.1,,,0,0,153916,244596,0,0,17488,42568,0,0,45.1,0x0,nessuno,70676
1790761132.1,,,0,0,153756,244596,0,0,17632,42568,0,0,46.2,0x0,nessuno,70676
1790761162.1,,,0,0,153604,244596,0,0,17456,42568,0,0,45.6,0x0,nessuno,70676
1790761192.1,,,0,0,153904,244596,0,0,18040,42568,0,0,46.2,0x0,nessuno,70676
1790761222.1,,,0,0,153796,244596,0,0,17036,42568,0,0,45.6,0x0,nessuno,70676
1790761252.1,,,0,0,153728,244596,0,0,17224,42568,0,0,45.1,0x0,nessuno,70676
1790761282.2,,,0,0,153588,244596,0,0,17836,42568,0,0,45.6,0x0,nessuno,70676
1790761312.2,,,0,0,153636,244596,0,0,16712,42568,0,0,45.6,0x0,nessuno,70676
1790761342.2,,,0,0,153624,244596,0,0,18236,42568,0,0,45.6,0x0,nessuno,70676
1790761372.2,,,0,0,153880,244596,0,0,18032,42568,0,0,45.6,0x0,nessuno,70676
1790761402.2,,,0,0,154012,244596,0,0,16908,42568,0,0,46.2,0x0,nessuno,70676
1790761432.2,,,0,0,151664,244596,0,0,17136,42568,0,0,46.2,0x0,nessuno,72756
1790761462.2,,,0,0,151440,244596,0,0,17272,42568,0,0,46.2,0x0,nessuno,72756
1790761492.2,,,0,0,151292,244596,0,0,18048,42568,0,0,45.6,0x0,nessuno,72756
1790761522.2,,,0,0,151176,244596,0,0,17256,42568,0,0,45.6,0x0,nessuno,72756
1790761552.3,,,0,0,151152,244596,0,0,16780,42568,0,0,46.2,0x0,nessuno,72756
1790761582.3,,,0,0,151028,244596,0,0,17784,42568,0,0,46.2,0x0,nessuno,72756
1790761612.3,,,0,0,151520,244596,0,0,17684,42568,0,0,45.6,0x0,nessuno,72756
1790761642.3,,,0,0,151360,244596,0,0,17544,42568,0,0,45.1,0x0,nessuno,72756
1790761672.3,,,0,0,151308,244596,0,0,17148,42568,0,0,45.6,0x0,nessuno,72756
1790761702.3,,,0,0,151376,244596,0,0,16976,42568,0,0,46.2,0x0,nessuno,72756
1790761732.3,,,0,0,151572,244596,0,0,17368,42568,0,0,45.1,0x0,nessuno,72756
1790761762.3,,,0,0,151628,244596,0,0,17580,42568,0,0,46.2,0x0,nessuno,72756
1790761792.3,,,0,0,151444,244596,0,0,17796,42568,0,0,45.6,0x0,nessuno,72756
1790761822.4,,,0,0,151228,244596,0,0,18000,42568,0,0,45.6,0x0,nessuno,72756
1790761852.4,,,0,0,151332,244596,0,0,17116,42568,0,0,46.2,0x0,nessuno,72756
1790761882.4,,,0,0,150928,244596,0,0,18032,42568,0,0,45.6,0x0,nessuno,72756
1790761912.4,,,0,0,151372,244596,0,0,17740,42568,0,0,46.2,0x0,nessuno,72756
1790761942.4,,,0,0,151464,244596,0,0,16660,42568,0,0,45.6,0x0,nessuno,72756
1790761972.4,,,0,0,151492,244596,0,0,17308,42568,0,0,45.1,0x0,nessuno,72756
1790762002.4,,,0,0,151380,244596,0,0,17000,42568,0,0,45.6,0x0,nessuno,72756
1790762032.4,,,0,0,151448,244596,0,0,17212,42568,0,0,45.6,0x0,nessuno,72756
1790762062.4,,,0,0,151196,244596,0,0,17388,42568,0,0,46.2,0x0,nessuno,72756
1790762092.5,,,0,0,151700,244596,0,0,16504,42568,0,0,45.6,0x0,nessuno,72748
1790762122.5,,,0,0,151344,244596,0,0,17104,42568,0,0,45.6,0x0,nessuno,72748
1790762152.5,,,0,0,151400,244596,0,0,17496,42568,0,0,45.1,0x0,nessuno,72748
1790762182.5,,,0,0,151076,244596,0,0,17120,42568,0,0,45.6,0x0,nessuno,72748
1790762212.5,,,0,0,151288,244596,0,0,17668,42568,0,0,45.1,0x0,nessuno,72748
1790762242.5,,,0,0,151528,244596,0,0,17224,42568,0,0,46.2,0x0,nessuno,72748
1790762272.5,,,0,0,151352,244596,0,0,17456,42568,0,0,45.6,0x0,nessuno,72748
1790762302.5,,,0,0,151176,244596,0,0,17728,42568,0,0,46.2,0x0,nessuno,72748
1790762332.5,,,0,0,151428,244596,0,0,17804,42568,0,0,45.6,0x0,nessuno,72748
1790762362.6,,,0,0,151332,244596,0,0,17316,42568,0,0,45.1,0x0,nessuno,72748
1790762392.6,,,0,0,151268,244596,0,0,17148,42568,0,0,45.6,0x0,nessuno,72748
1790762422.6,,,0,0,150940,244596,0,0,17620,42568,0,0,45.6,0x0,nessuno,72748
1790762452.6,,,0,0,151336,244596,0,0,16960,42568,0,0,45.6,0x0,nessuno,72748
1790762482.6,,,0,0,151356,244596,0,0,17332,42568,0,0,45.1,0x0,nessuno,72748
1790762512.6,,,0,0,151620,244596,0,0,17372,42568,0,0,45.6,0x0,nessuno,72748
1790762542.6,,,0,0,151500,244596,0,0,17572,42568,0,0,45.1,0x0,nessuno,72736
1790762572.6,,,0,0,157680,244596,0,0,17228,42568,0,0,45.1,0x0,nessuno,72728
1790762602.7,,,0,0,152420,244596,0,0,17440,42568,0,0,45.1,0x0,nessuno,72716
1790762632.7,,,0,0,152564,244596,0,0,17640,42568,0,0,45.1,0x0,nessuno,72700
1790762662.7,,,0,0,152624,244596,0,0,17940,42568,0,0,45.6,0x0,nessuno,72688
1790762692.7,,,0,0,152512,244596,0,0,18008,42568,0,0,45.1,0x0,nessuno,72664
1790762722.7,,,0,0,152860,244596,0,0,17864,42568,0,0,45.1,0x0,nessuno,72568
1790762752.7,,,0,0,152516,244596,0,0,17128,42568,0,0,45.1,0x0,nessuno,72556
1790762782.7,,,0,0,152560,244596,0,0,16964,42568,0,0,46.2,0x0,nessuno,72536
1790762812.7,,,0,0,152592,244596,0,0,16860,42568,0,0,45.6,0x0,nessuno,72536
1790762842.7,,,0,0,152880,244596,0,0,16860,42568,0,0,45.6,0x0,nessuno,72536
1790762872.8,,,0,0,152824,244596,0,0,17764,42568,0,0,46.2,0x0,nessuno,72536
1790762902.8,,,0,0,152712,244596,0,0,17176,42568,0,0,45.6,0x0,nessuno,72536
1790762932.8,,,0,0,152644,244596,0,0,17224,42568,0,0,45.6,0x0,nessuno,72536
1790762962.8,,,0,0,152744,244596,0,0,17840,42568,0,0,45.6,0x0,nessuno,72536
1790762992.8,,,0,0,152744,244596,0,0,17764,42568,0,0,45.6,0x0,nessuno,72536
1790763022.8,,,0,0,152892,244596,0,0,17660,42568,0,0,45.1,0x0,nessuno,72536
1790763052.8,,,0,0,152612,244596,0,0,17724,42568,0,0,45.6,0x0,nessuno,72536
1790763082.8,,,0,0,152700,244596,0,0,18056,42568,0,0,45.6,0x0,nessuno,72536
1790763112.8,,,0,0,152984,244596,0,0,17876,42568,0,0,45.6,0x0,nessuno,72536
1790763142.8,,,0,0,152552,244596,0,0,17300,42568,0,0,45.6,0x0,nessuno,72536
1790763172.9,,,0,0,152624,244596,0,0,17792,42568,0,0,46.2,0x0,nessuno,72536
1790763202.9,,,0,0,152924,244596,0,0,18008,42568,0,0,45.1,0x0,nessuno,72536
1790763232.9,,,0,0,152832,244596,0,0,17936,42568,0,0,46.2,0x0,nessuno,72536
1790763262.9,,,0,0,152736,244596,0,0,17748,42568,0,0,46.2,0x0,nessuno,72536
1790763292.9,,,0,0,153040,244596,0,0,17544,42568,0,0,45.1,0x0,nessuno,72536
1790763322.9,,,0,0,152860,244596,0,0,17548,42568,0,0,45.6,0x0,nessuno,72536
1790763352.9,,,0,0,152700,244596,0,0,18240,42568,0,0,45.6,0x0,nessuno,72536
1790763382.9,,,0,0,152688,244596,0,0,17052,42568,0,0,46.2,0x0,nessuno,72536
1790763412.9,,,0,0,153096,244596,0,0,17648,42568,0,0,46.2,0x0,nessuno,72536
1790763443.0,,,0,0,152884,244596,0,0,17368,42568,0,0,45.6,0x0,nessuno,72536
1790763473.0,,,0,0,152804,244596,0,0,18176,42568,0,0,46.2,0x0,nessuno,72536
1790763503.0,,,0,0,152928,244596,0,0,17844,42568,0,0,45.6,0x0,nessuno,72536
1790763533.0,,,0,0,152912,244596,0,0,17956,42568,0,0,46.2,0x0,nessuno,72536
1790763563.0,,,0,0,152644,244596,0,0,17716,42568,0,0,46.2,0x0,nessuno,72536
1790763593.0,,,0,0,152904,244596,0,0,17792,42568,0,0,46.2,0x0,nessuno,72536
1790763623.0,,,0,0,153016,244596,0,0,17100,42568,0,0,46.2,0x0,nessuno,72536
1790763653.0,,,0,0,152972,244596,0,0,17320,42568,0,0,46.2,0x0,nessuno,72536
1790763683.0,,,0,0,152924,244596,0,0,18132,42568,0,0,46.2,0x0,nessuno,72536
1790763713.0,,,0,0,153036,244596,0,0,17188,42568,0,0,46.2,0x0,nessuno,72536
1790763743.1,,,0,0,152632,244596,0,0,17144,42568,0,0,46.7,0x0,nessuno,72536
1790763773.1,,,0,0,153044,244596,0,0,17932,42568,0,0,45.6,0x0,nessuno,72536
1790763803.1,,,0,0,152700,244596,0,0,17292,42568,0,0,46.2,0x0,nessuno,72536
1790763833.1,,,0,0,152648,244596,0,0,17688,42568,0,0,46.2,0x0,nessuno,72536
1790763863.1,,,0,0,152464,244596,0,0,17996,42568,0,0,46.2,0x0,nessuno,72536
1790763893.1,,,0,0,152888,244596,0,0,16996,42568,0,0,46.2,0x0,nessuno,72536
1790763923.1,,,0,0,152852,244596,0,0,17216,42568,0,0,46.2,0x0,nessuno,72536
1790763953.1,,,0,0,152896,244596,0,0,17736,42568,0,0,45.6,0x0,nessuno,72532
1790763983.1,,,0,0,152748,244596,0,0,17196,42568,0,0,46.2,0x0,nessuno,72532
1790764013.2,,,0,0,153140,244596,0,0,17684,42568,0,0,45.6,0x0,nessuno,72532
1790764043.2,,,0,0,152760,244596,0,0,17424,42568,0,0,46.2,0x0,nessuno,72532
1790764073.2,,,0,0,152908,244596,0,0,17868,42568,0,0,46.2,0x0,nessuno,72532
1790764103.2,,,0,0,152800,244596,0,0,17868,42568,0,0,46.2,0x0,nessuno,72532
1790764133.2,,,0,0,152924,244596,0,0,17500,42568,0,0,45.6,0x0,nessuno,72532
1790764163.2,,,0,0,152868,244596,0,0,17596,42568,0,0,46.2,0x0,nessuno,72532
1790764193.2,,,0,0,152648,244596,0,0,17836,42568,0,0,45.6,0x0,nessuno,72532
1790764223.2,,,0,0,152748,244596,0,0,17888,42568,0,0,46.2,0x0,nessuno,72532
1790764253.2,,,0,0,152960,244596,0,0,17524,42568,0,0,46.2,0x0,nessuno,72532
1790764283.3,,,0,0,152808,244596,0,0,18116,42568,0,0,46.2,0x0,nessuno,72532
1790764313.3,,,0,0,152756,244596,0,0,17060,42568,0,0,46.2,0x0,nessuno,72532
1790764343.3,,,0,0,152824,244596,0,0,18016,42568,0,0,46.2,0x0,nessuno,72532
1790764373.3,,,0,0,152804,244596,0,0,18188,42568,0,0,46.2,0x0,nessuno,72532
1790764403.3,,,0,0,152884,244596,0,0,17184,42568,0,0,45.6,0x0,nessuno,72532
1790764433.3,,,0,0,152968,244596,0,0,16844,42568,0,0,45.6,0x0,nessuno,72532
1790764463.3,,,0,0,152896,244596,0,0,18084,42568,0,0,46.2,0x0,nessuno,72532
1790764493.3,,,0,0,152924,244596,0,0,17512,42568,0,0,46.2,0x0,nessuno,72532
1790764523.3,,,0,0,152740,244596,0,0,18052,42568,0,0,46.2,0x0,nessuno,72532
1790764553.4,,,0,0,152996,244596,0,0,16960,42568,0,0,46.2,0x0,nessuno,72532
1790764583.4,,,0,0,152992,244596,0,0,17180,42568,0,0,46.2,0x0,nessuno,72532
1790764613.4,,,0,0,153108,244596,0,0,17496,42568,0,0,46.2,0x0,nessuno,72532
1790764643.4,,,0,0,152608,244596,0,0,18120,42568,0,0,46.2,0x0,nessuno,72532
1790764673.4,,,0,0,153016,244596,0,0,17552,42568,0,0,46.7,0x0,nessuno,72532
1790764703.4,,,0,0,152620,244596,0,0,17860,42568,0,0,46.2,0x0,nessuno,72532
1790764733.4,,,0,0,152504,244596,0,0,17796,42568,0,0,46.2,0x0,nessuno,72532
1790764763.4,,,0,0,152832,244596,0,0,17772,42568,0,0,46.2,0x0,nessuno,72532
1790764793.5,,,0,0,152736,244596,0,0,17692,42568,0,0,46.2,0x0,nessuno,72532
1790764823.5,,,0,0,153032,244596,0,0,17360,42568,0,0,46.2,0x0,nessuno,72528
1790764853.5,,,0,0,152940,244596,0,0,16492,42568,0,0,46.2,0x0,nessuno,72528
1790764883.5,,,0,0,152788,244596,0,0,18156,42568,0,0,46.2,0x0,nessuno,72528
1790764913.5,,,0,0,152648,244596,0,0,17808,42568,0,0,46.2,0x0,nessuno,72528
1790764943.5,,,0,0,152684,244596,0,0,17732,42568,0,0,46.2,0x0,nessuno,72528
1790764973.5,,,0,0,152620,244596,0,0,17960,42568,0,0,46.2,0x0,nessuno,72528
1790765003.5,,,0,0,153016,244596,0,0,17644,42568,0,0,46.2,0x0,nessuno,72528
1790765033.6,,,0,0,152660,244596,0,0,17960,42568,0,0,46.2,0x0,nessuno,72528
1790765063.6,,,0,0,153000,244596,0,0,17520,42568,0,0,45.6,0x0,nessuno,72528
1790765093.6,,,0,0,152712,244596,0,0,18044,42568,0,0,46.2,0x0,nessuno,72528
1790765123.6,,,0,0,152852,244596,0,0,17216,42568,0,0,46.2,0x0,nessuno,72528
1790765153.6,,,0,0,153168,244596,0,0,17248,42568,0,0,46.2,0x0,nessuno,72528
1790765183.6,,,0,0,152596,244596,0,0,17740,42568,0,0,46.7,0x0,nessuno,72528
1790765213.6,,,0,0,152908,244596,0,0,17508,42568,0,0,46.2,0x0,nessuno,72528
1790765243.6,,,0,0,152704,244596,0,0,17212,42568,0,0,46.2,0x0,nessuno,72528
1790765273.6,,,0,0,152588,244596,0,0,18008,42568,0,0,46.2,0x0,nessuno,72528
1790765303.6,,,0,0,152692,244596,0,0,17100,42568,0,0,46.2,0x0,nessuno,72528
1790765333.7,,,0,0,152996,244596,0,0,17960,42568,0,0,46.2,0x0,nessuno,72528
1790765363.7,,,0,0,152564,244596,0,0,17708,42568,0,0,46.7,0x0,nessuno,72528
1790765393.7,,,0,0,152764,244596,0,0,17952,42568,0,0,46.2,0x0,nessuno,72528
1790765423.7,,,0,0,152868,244596,0,0,17700,42568,0,0,46.7,0x0,nessuno,72528
1790765453.7,,,0,0,152964,244596,0,0,17792,42568,0,0,46.2,0x0,nessuno,72528
1790765483.7,,,0,0,152840,244596,0,0,17776,42568,0,0,46.2,0x0,nessuno,72528
1790765513.7,,,0,0,152832,244596,0,0,16588,42568,0,0,46.2,0x0,nessuno,72528
1790765543.7,,,0,0,152908,244596,0,0,17324,42568,0,0,46.7,0x0,nessuno,72528
1790765573.7,,,0,0,152916,244596,0,0,17380,42568,0,0,46.7,0x0,nessuno,72528
1790765603.8,,,0,0,152868,244596,0,0,17632,42568,0,0,46.2,0x0,nessuno,72528
1790765633.8,,,0,0,152852,244596,0,0,18016,42568,0,0,46.2,0x0,nessuno,72528
1790765663.8,,,0,0,152780,244596,0,0,17104,42568,0,0,46.2,0x0,nessuno,72528
1790765693.8,,,0,0,152852,244596,0,0,18000,42568,0,0,46.2,0x0,nessuno,72528
1790765723.8,,,0,0,152700,244596,0,0,17140,42568,0,0,46.2,0x0,nessuno,72528
1790765753.8,,,0,0,152872,244596,0,0,17492,42568,0,0,46.2,0x0,nessuno,72528
1790765783.8,,,0,0,152740,244596,0,0,17568,42568,0,0,46.2,0x0,nessuno,72528
1790765813.8,,,0,0,153088,244596,0,0,17184,42568,0,0,46.2,0x0,nessuno,72528
1790765843.8,,,0,0,152604,244596,0,0,17248,42568,0,0,46.2,0x0,nessuno,72528
1790765873.9,,,0,0,152844,244596,0,0,17736,42568,0,0,46.2,0x0,nessuno,72528
1790765903.9,,,0,0,153040,244596,0,0,17904,42568,0,0,46.2,0x0,nessuno,72528
1790765933.9,,,0,0,152652,244596,0,0,17768,42568,0,0,46.2,0x0,nessuno,72528
1790765963.9,,,0,0,152980,244596,0,0,17908,42568,0,0,46.2,0x0,nessuno,72528
1790765993.9,,,0,0,152640,244596,0,0,16924,42568,0,0,45.6,0x0,nessuno,72528
1790766023.9,,,0,0,152780,244596,0,0,18540,42568,0,0,46.2,0x0,nessuno,72528
1790766053.9,,,0,0,153008,244596,0,0,17872,42568,0,0,46.2,0x0,nessuno,72528
1790766083.9,,,0,0,166932,244596,0,0,16708,42568,0,0,47.2,0x0,nessuno,72528
1790766113.9,,,0,0,153044,244596,0,0,17136,42568,0,0,45.6,0x0,nessuno,72484
1790766143.9,,,0,0,153388,244596,0,0,17748,42568,0,0,45.6,0x0,nessuno,72484
1790766174.0,,,0,0,165864,244596,0,0,16852,42568,0,0,46.2,0x0,nessuno,72464
1790766204.0,,,0,0,155400,244596,0,0,16848,42568,0,0,44.5,0x0,nessuno,72460
1790766234.0,,,0,0,155632,244596,0,0,17448,42568,0,0,44.5,0x0,nessuno,72456
1790766264.0,,,0,0,170488,244596,0,0,17516,42568,0,0,45.1,0x0,nessuno,72432
1790766294.0,,,0,0,156256,244596,0,0,17368,42568,0,0,43.5,0x0,nessuno,72428
1790766324.0,,,0,0,156508,244596,0,0,16920,42568,0,0,44.5,0x0,nessuno,72424
1790766354.0,,,0,0,156340,244596,0,0,17600,42568,0,0,45.1,0x0,nessuno,72416
1790766384.0,,,0,0,161160,244596,0,0,16884,42568,0,0,45.1,0x0,nessuno,72404
1790766414.0,,,0,0,156368,244596,0,0,17180,42568,0,0,45.1,0x0,nessuno,72396
1790766444.1,,,0,0,156456,244596,0,0,17556,42568,0,0,45.1,0x0,nessuno,72396
1790766474.1,,,0,0,156328,244596,0,0,18044,42568,0,0,45.6,0x0,nessuno,72396
1790766504.1,,,0,0,156572,244596,0,0,17768,42568,0,0,45.6,0x0,nessuno,72396
1790766534.1,,,0,0,156660,244596,0,0,18160,42568,0,0,45.6,0x0,nessuno,72396
1790766564.1,,,0,0,156728,244596,0,0,18064,42568,0,0,46.2,0x0,nessuno,72396
1790766594.1,,,0,0,156624,244596,0,0,17424,42568,0,0,45.6,0x0,nessuno,72396
1790766624.1,,,0,0,156496,244596,0,0,17192,42568,0,0,45.6,0x0,nessuno,72396
1790766654.1,,,0,0,156348,244596,0,0,17760,42568,0,0,46.2,0x0,nessuno,72396
1790766684.1,,,0,0,156544,244596,0,0,17532,42568,0,0,45.6,0x0,nessuno,72396
1790766714.2,,,0,0,156556,244596,0,0,17816,42568,0,0,46.2,0x0,nessuno,72396
1790766744.2,,,0,0,156564,244596,0,0,16984,42568,0,0,45.6,0x0,nessuno,72396
1790766774.2,,,0,0,156304,244596,0,0,17984,42568,0,0,45.6,0x0,nessuno,72396
1790766804.2,,,0,0,156484,244596,0,0,17672,42568,0,0,46.2,0x0,nessuno,72396
1790766834.2,,,0,0,156444,244596,0,0,17132,42568,0,0,46.2,0x0,nessuno,72396
1790766864.2,,,0,0,156556,244596,0,0,18008,42568,0,0,46.2,0x0,nessuno,72396
1790766894.2,,,0,0,156588,244596,0,0,17188,42568,0,0,46.2,0x0,nessuno,72396
1790766924.2,,,0,0,156392,244596,0,0,17972,42568,0,0,45.1,0x0,nessuno,72396
1790766954.2,,,0,0,156716,244596,0,0,17552,42568,0,0,46.2,0x0,nessuno,72396
1790766984.3,,,0,0,156664,244596,0,0,17672,42568,0,0,46.2,0x0,nessuno,72396
1790767014.3,,,0,0,156760,244596,0,0,17016,42568,0,0,46.2,0x0,nessuno,72396
1790767044.3,,,0,0,156556,244596,0,0,16924,42568,0,0,46.2,0x0,nessuno,72396
1790767074.3,,,0,0,156556,244596,0,0,17692,42568,0,0,46.2,0x0,nessuno,72396
1790767104.3,,,0,0,156648,244596,0,0,17492,42568,0,0,45.6,0x0,nessuno,72396
1790767134.3,,,0,0,156576,244596,0,0,17600,42568,0,0,46.2,0x0,nessuno,72396
1790767164.3,,,0,0,156576,244596,0,0,17220,42568,0,0,46.2,0x0,nessuno,72396
1790767194.3,,,0,0,156492,244596,0,0,18160,42568,0,0,45.6,0x0,nessuno,72396
1790767224.3,,,0,0,156432,244596,0,0,17100,42568,0,0,46.2,0x0,nessuno,72396
1790767254.3,,,0,0,156148,244596,0,0,17824,42568,0,0,46.2,0x0,nessuno,72396
1790767284.4,,,0,0,156312,244596,0,0,18100,42568,0,0,45.6,0x0,nessuno,72396
1790767314.4,,,0,0,156772,244596,0,0,17848,42568,0,0,46.2,0x0,nessuno,72396
1790767344.4,,,0,0,156512,244596,0,0,17888,42568,0,0,46.2,0x0,nessuno,72396
1790767374.4,,,0,0,156444,244596,0,0,18124,42568,0,0,46.2,0x0,nessuno,72396
1790767404.4,,,0,0,156560,244596,0,0,17000,42568,0,0,46.2,0x0,nessuno,72396
1790767434.4,,,0,0,156304,244596,0,0,17924,42568,0,0,46.2,0x0,nessuno,72396
1790767464.4,,,0,0,156464,244596,0,0,17424,42568,0,0,45.6,0x0,nessuno,72396
1790767494.4,,,0,0,156476,244596,0,0,17724,42568,0,0,46.2,0x0,nessuno,72396
1790767524.4,,,0,0,156636,244596,0,0,17616,42568,0,0,46.7,0x0,nessuno,72396
1790767554.5,,,0,0,156536,244596,0,0,18060,42568,0,0,46.2,0x0,nessuno,72396
1790767584.5,,,0,0,156368,244596,0,0,17476,42568,0,0,45.6,0x0,nessuno,72396
1790767614.5,,,0,0,156704,244596,0,0,17104,42568,0,0,46.2,0x0,nessuno,72396
1790767644.5,,,0,0,156428,244596,0,0,17348,42568,0,0,46.7,0x0,nessuno,72396
1790767674.5,,,0,0,156344,244596,0,0,17992,42568,0,0,46.2,0x0,nessuno,72396
1790767704.5,,,0,0,156440,244596,0,0,17824,42568,0,0,46.2,0x0,nessuno,72396
1790767734.5,,,0,0,156444,244596,0,0,17864,42568,0,0,47.8,0x0,nessuno,72396
1790767764.5,,,0,0,156424,244596,0,0,17932,42568,0,0,47.2,0x0,nessuno,72396
1790767794.5,,,0,0,156524,244596,0,0,17968,42568,0,0,46.7,0x0,nessuno,72396
1790767824.6,,,0,0,156744,244596,0,0,16072,42568,0,0,46.2,0x0,nessuno,72396
1790767854.6,,,0,0,156532,244596,0,0,17464,42568,0,0,46.7,0x0,nessuno,72396
1790767884.6,,,0,0,156576,244596,0,0,18068,42568,0,0,46.2,0x0,nessuno,72396
1790767914.6,,,0,0,156492,244596,0,0,16748,42568,0,0,46.2,0x0,nessuno,72396
1790767944.6,,,0,0,156568,244596,0,0,17228,42568,0,0,47.2,0x0,nessuno,72396
1790767974.6,,,0,0,156460,244596,0,0,17224,42568,0,0,46.2,0x0,nessuno,72396
1790768004.6,,,0,0,156348,244596,0,0,17260,42568,0,0,46.2,0x0,nessuno,72396
1790768034.6,,,0,0,156500,244596,0,0,17488,42568,0,0,46.2,0x0,nessuno,72396
1790768064.6,,,0,0,156120,244596,0,0,17340,42568,0,0,46.2,0x0,nessuno,72396
1790768094.6,,,0,0,156184,244596,0,0,17848,42568,0,0,46.2,0x0,nessuno,72396
1790768124.7,,,0,0,156596,244596,0,0,17960,42568,0,0,47.2,0x0,nessuno,72396
1790768154.7,,,0,0,156484,244596,0,0,17524,42568,0,0,46.2,0x0,nessuno,72396
1790768184.7,,,0,0,156492,244596,0,0,17800,42568,0,0,45.6,0x0,nessuno,72396
1790768214.7,,,0,0,156540,244596,0,0,17680,42568,0,0,46.2,0x0,nessuno,72396
1790768244.7,,,0,0,156688,244596,0,0,18036,42568,0,0,46.2,0x0,nessuno,72396
1790768274.7,,,0,0,156596,244596,0,0,17656,42568,0,0,46.7,0x0,nessuno,72396
1790768304.7,,,0,0,156744,244596,0,0,17608,42568,0,0,47.2,0x0,nessuno,72396
1790768334.7,,,0,0,156384,244596,0,0,17788,42568,0,0,46.2,0x0,nessuno,72396
1790768364.8,,,0,0,156564,244596,0,0,17944,42568,0,0,46.2,0x0,nessuno,72396
1790768394.8,,,0,0,156496,244596,0,0,17796,42568,0,0,46.2,0x0,nessuno,72396
1790768424.8,,,0,0,156632,244596,0,0,17904,42568,0,0,46.2,0x0,nessuno,72396
1790768454.8,,,0,0,156576,244596,0,0,17468,42568,0,0,46.2,0x0,nessuno,72396
1790768484.8,,,0,0,156380,244596,0,0,17692,42568,0,0,47.8,0x0,nessuno,72396
1790768514.8,,,0,0,156628,244596,0,0,17440,42568,0,0,46.2,0x0,nessuno,72372
1790768544.8,,,0,0,156560,244596,0,0,17048,42568,0,0,46.2,0x0,nessuno,72372
1790768574.8,,,0,0,156460,244596,0,0,17484,42568,0,0,46.2,0x0,nessuno,72372
1790768604.8,,,0,0,156388,244596,0,0,17372,42568,0,0,46.2,0x0,nessuno,72372
1790768634.9,,,0,0,156292,244596,0,0,17696,42568,0,0,46.2,0x0,nessuno,72372
1790768664.9,,,0,0,156552,244596,0,0,17968,42568,0,0,47.2,0x0,nessuno,72372
1790768694.9,,,0,0,156544,244596,0,0,17860,42568,0,0,46.2,0x0,nessuno,72372
1790768724.9,,,0,0,156568,244596,0,0,17744,42568,0,0,46.2,0x0,nessuno,72372
1790768754.9,,,0,0,156636,244596,0,0,17820,42568,0,0,46.2,0x0,nessuno,72372
1790768784.9,,,0,0,156600,244596,0,0,16996,42568,0,0,46.2,0x0,nessuno,72372
1790768814.9,,,0,0,156764,244596,0,0,17476,42568,0,0,46.2,0x0,nessuno,72372
1790768844.9,,,0,0,156564,244596,0,0,17360,42568,0,0,46.7,0x0,nessuno,72372
1790768874.9,,,0,0,156428,244596,0,0,17724,42568,0,0,46.2,0x0,nessuno,72372
1790768905.0,,,0,0,156572,244596,0,0,17480,42568,0,0,46.2,0x0,nessuno,72372
1790768935.0,,,0,0,156692,244596,0,0,17476,42568,0,0,46.2,0x0,nessuno,72372
1790768965.0,,,0,0,156700,244596,0,0,17720,42568,0,0,46.2,0x0,nessuno,72372
1790768995.0,,,0,0,156612,244596,0,0,17532,42568,0,0,46.2,0x0,nessuno,72372
1790769025.0,,,0,0,156612,244596,0,0,17964,42568,0,0,46.2,0x0,nessuno,72372
1790769055.0,,,0,0,156400,244596,0,0,17744,42568,0,0,46.2,0x0,nessuno,72372
1790769085.0,,,0,0,156432,244596,0,0,17840,42568,0,0,46.2,0x0,nessuno,72372
1790769115.0,,,0,0,156412,244596,0,0,17876,42568,0,0,46.2,0x0,nessuno,72372
1790769145.0,,,0,0,156516,244596,0,0,17080,42568,0,0,46.2,0x0,nessuno,72372
1790769175.1,,,0,0,156584,244596,0,0,17928,42568,0,0,46.2,0x0,nessuno,72372
1790769205.1,,,0,0,156560,244596,0,0,17924,42568,0,0,46.2,0x0,nessuno,72372
1790769235.1,,,0,0,156296,244596,0,0,17476,42568,0,0,46.2,0x0,nessuno,72372
1790769265.1,,,0,0,156380,244596,0,0,17596,42568,0,0,46.2,0x0,nessuno,72372
1790769295.1,,,0,0,156540,244596,0,0,17648,42568,0,0,46.2,0x0,nessuno,72372
1790769325.1,,,0,0,156708,244596,0,0,17516,42568,0,0,46.2,0x0,nessuno,72372
1790769355.1,,,0,0,156484,244596,0,0,17580,42568,0,0,46.2,0x0,nessuno,72372
1790769385.1,,,0,0,156680,244596,0,0,18112,42568,0,0,46.2,0x0,nessuno,72372
1790769415.1,,,0,0,156652,244596,0,0,17624,42568,0,0,46.2,0x0,nessuno,72372
1790769445.1,,,0,0,156496,244596,0,0,17456,42568,0,0,46.2,0x0,nessuno,72372
1790769475.2,,,0,0,156504,244596,0,0,16928,42568,0,0,46.2,0x0,nessuno,72372
1790769505.2,,,0,0,156444,244596,0,0,17004,42568,0,0,46.2,0x0,nessuno,72372
1790769535.2,,,0,0,156256,244596,0,0,17356,42568,0,0,46.2,0x0,nessuno,72372
1790769565.2,,,0,0,156812,244596,0,0,17600,42568,0,0,46.2,0x0,nessuno,72372
1790769595.2,,,0,0,156360,244596,0,0,17980,42568,0,0,46.2,0x0,nessuno,72372
1790769625.2,,,0,0,156500,244596,0,0,17748,42568,0,0,45.6,0x0,nessuno,72372
1790769655.2,,,0,0,156604,244596,0,0,17540,42568,0,0,45.6,0x0,nessuno,72372
1790769685.2,,,0,0,156456,244596,0,0,17796,42568,0,0,46.2,0x0,nessuno,72372
1790769715.3,,,0,0,156576,244596,0,0,17532,42568,0,0,45.6,0x0,nessuno,72368
1790769745.3,,,0,0,156528,244596,0,0,17740,42568,0,0,46.2,0x0,nessuno,72368
1790769775.3,,,0,0,156776,244596,0,0,17860,42568,0,0,45.6,0x0,nessuno,72368
1790769805.3,,,0,0,156932,244596,0,0,16724,42568,0,0,44.0,0x0,nessuno,72368
1790769835.3,,,0,0,163644,244596,0,0,17788,42568,0,0,45.6,0x0,nessuno,72352
1790769865.3,,,0,0,156768,244596,0,0,17980,42568,0,0,45.6,0x0,nessuno,72348
1790769895.3,,,0,0,157356,244596,0,0,17888,42568,0,0,45.1,0x0,nessuno,72320
1790769925.3,,,0,0,157228,244596,0,0,17664,42568,0,0,45.6,0x0,nessuno,72320
1790769955.3,,,0,0,157068,244596,0,0,17864,42568,0,0,45.1,0x0,nessuno,72308
1790769985.3,,,0,0,157268,244596,0,0,17248,42568,0,0,46.2,0x0,nessuno,72304
1790770015.4,,,0,0,156896,244596,0,0,16616,42568,0,0,45.6,0x0,nessuno,72304
1790770045.4,,,0,0,157580,244596,0,0,17496,42568,0,0,45.1,0x0,nessuno,72304
1790770075.4,,,0,0,157004,244596,0,0,17472,42568,0,0,45.6,0x0,nessuno,72304
1790770105.4,,,0,0,157172,244596,0,0,17560,42568,0,0,45.6,0x0,nessuno,72304
1790770135.4,,,0,0,157348,244596,0,0,17000,42568,0,0,46.2,0x0,nessuno,72304
1790770165.4,,,0,0,157268,244596,0,0,17808,42568,0,0,46.2,0x0,nessuno,72304
1790770195.4,,,0,0,157196,244596,0,0,17416,42568,0,0,45.6,0x0,nessuno,72304
1790770225.4,,,0,0,157412,244596,0,0,17816,42568,0,0,46.2,0x0,nessuno,72304
1790770255.5,,,0,0,157276,244596,0,0,17760,42568,0,0,46.2,0x0,nessuno,72304
1790770285.5,,,0,0,156940,244596,0,0,17392,42568,0,0,45.6,0x0,nessuno,72304
1790770315.5,,,0,0,157388,244596,0,0,17216,42568,0,0,46.7,0x0,nessuno,72304
1790770345.5,,,0,0,157144,244596,0,0,17848,42568,0,0,46.2,0x0,nessuno,72304
1790770375.5,,,0,0,157476,244596,0,0,16828,42568,0,0,46.2,0x0,nessuno,72304
1790770405.5,,,0,0,157512,244596,0,0,17868,42568,0,0,46.2,0x0,nessuno,72304
1790770435.5,,,0,0,157096,244596,0,0,17872,42568,0,0,46.2,0x0,nessuno,72304
1790770465.5,,,0,0,157236,244596,0,0,17020,42568,0,0,46.2,0x0,nessuno,72304
1790770495.5,,,0,0,157076,244596,0,0,17988,42568,0,0,46.2,0x0,nessuno,72304
1790770525.5,,,0,0,157120,244596,0,0,17260,42568,0,0,46.2,0x0,nessuno,72304
1790770555.6,,,0,0,157112,244596,0,0,17864,42568,0,0,46.2,0x0,nessuno,72304
1790770585.6,,,0,0,157200,244596,0,0,17672,42568,0,0,46.7,0x0,nessuno,72304
1790770615.6,,,0,0,157188,244596,0,0,17428,42568,0,0,46.7,0x0,nessuno,72304
1790770645.6,,,0,0,157116,244596,0,0,17544,42568,0,0,45.6,0x0,nessuno,72304
1790770675.6,,,0,0,157440,244596,0,0,17832,42568,0,0,46.2,0x0,nessuno,72304
1790770705.6,,,0,0,157328,244596,0,0,17408,42568,0,0,46.2,0x0,nessuno,72304
1790770735.6,,,0,0,157508,244596,0,0,17712,42568,0,0,46.2,0x0,nessuno,72304
1790770765.6,,,0,0,157420,244596,0,0,17364,42568,0,0,46.2,0x0,nessuno,72304
1790770795.6,,,0,0,157268,244596,0,0,18104,42568,0,0,46.2,0x0,nessuno,72304
1790770825.7,,,0,0,157452,244596,0,0,17444,42568,0,0,46.7,0x0,nessuno,72304
1790770855.7,,,0,0,157332,244596,0,0,16684,42568,0,0,46.2,0x0,nessuno,72304
1790770885.7,,,0,0,157212,244596,0,0,17944,42568,0,0,46.2,0x0,nessuno,72304
1790770915.7,,,0,0,157420,244596,0,0,16780,42568,0,0,46.2,0x0,nessuno,72304
1790770945.7,,,0,0,157600,244596,0,0,17692,42568,0,0,46.2,0x0,nessuno,72304
1790770975.7,,,0,0,157404,244596,0,0,17760,42568,0,0,46.2,0x0,nessuno,72304
1790771005.7,,,0,0,157228,244596,0,0,17848,42568,0,0,46.2,0x0,nessuno,72304
1790771035.7,,,0,0,157264,244596,0,0,16968,42568,0,0,46.2,0x0,nessuno,72304
1790771065.7,,,0,0,157148,244596,0,0,16980,42568,0,0,46.2,0x0,nessuno,72304
1790771095.7,,,0,0,157260,244596,0,0,17784,42568,0,0,46.2,0x0,nessuno,72304
1790771125.8,,,0,0,157204,244596,0,0,17860,42568,0,0,46.2,0x0,nessuno,72304
1790771155.8,,,0,0,157328,244596,0,0,17448,42568,0,0,46.2,0x0,nessuno,72304
1790771185.8,,,0,0,157332,244596,0,0,17636,42568,0,0,45.6,0x0,nessuno,72304
1790771215.8,,,0,0,157396,244596,0,0,17800,42568,0,0,46.2,0x0,nessuno,72304
1790771245.8,,,0,0,157508,244596,0,0,17964,42568,0,0,46.2,0x0,nessuno,72304
1790771275.8,,,0,0,157332,244596,0,0,17176,42568,0,0,46.2,0x0,nessuno,72304
1790771305.8,,,0,0,157100,244596,0,0,17632,42568,0,0,46.2,0x0,nessuno,72304
1790771335.8,,,0,0,157132,244596,0,0,17868,42568,0,0,46.2,0x0,nessuno,72304
1790771365.9,,,0,0,157472,244596,0,0,16824,42568,0,0,46.2,0x0,nessuno,72304
1790771395.9,,,0,0,157408,244596,0,0,17660,42568,0,0,46.2,0x0,nessuno,72304
1790771425.9,,,0,0,157032,244596,0,0,17948,42568,0,0,46.2,0x0,nessuno,72304
1790771455.9,,,0,0,157268,244596,0,0,16904,42568,0,0,46.2,0x0,nessuno,72304
1790771485.9,,,0,0,157196,244596,0,0,17152,42568,0,0,46.7,0x0,nessuno,72304
1790771515.9,,,0,0,157200,244596,0,0,17276,42568,0,0,46.2,0x0,nessuno,72304
1790771545.9,,,0,0,157448,244596,0,0,17808,42568,0,0,46.2,0x0,nessuno,72304
1790771575.9,,,0,0,157364,244596,0,0,17868,42568,0,0,46.2,0x0,nessuno,72304
1790771605.9,,,0,0,157540,244596,0,0,18112,42568,0,0,46.7,0x0,nessuno,72304
1790771636.0,,,0,0,157536,244596,0,0,18064,42568,0,0,46.7,0x0,nessuno,72304
1790771666.0,,,0,0,157368,244596,0,0,17744,42568,0,0,46.2,0x0,nessuno,72304
1790771696.0,,,0,0,157240,244596,0,0,17408,42568,0,0,46.2,0x0,nessuno,72304
1790771726.0,,,0,0,157332,244596,0,0,17224,42568,0,0,46.2,0x0,nessuno,72304
1790771756.0,,,0,0,157396,244596,0,0,17776,42568,0,0,47.2,0x0,nessuno,72304
1790771786.0,,,0,0,157320,244596,0,0,17344,42568,0,0,46.2,0x0,nessuno,72304
1790771816.0,,,0,0,157676,244596,0,0,16956,42568,0,0,46.7,0x0,nessuno,72304
1790771846.0,,,0,0,157440,244596,0,0,16816,42568,0,0,46.2,0x0,nessuno,72304
1790771876.0,,,0,0,157392,244596,0,0,17112,42568,0,0,46.2,0x0,nessuno,72304
1790771906.1,,,0,0,157088,244596,0,0,16996,42568,0,0,46.7,0x0,nessuno,72304
1790771936.1,,,0,0,157308,244596,0,0,17336,42568,0,0,46.2,0x0,nessuno,72304
1790771966.1,,,0,0,157256,244596,0,0,16736,42568,0,0,46.2,0x0,nessuno,72304
1790771996.1,,,0,0,157248,244596,0,0,17056,42568,0,0,46.2,0x0,nessuno,72304
1790772026.1,,,0,0,157448,244596,0,0,17900,42568,0,0,47.2,0x0,nessuno,72304
1790772056.1,,,0,0,157344,244596,0,0,17368,42568,0,0,47.2,0x0,nessuno,72304
1790772086.1,,,0,0,157324,244596,0,0,17988,42568,0,0,45.6,0x0,nessuno,72304
1790772116.1,,,0,0,157188,244596,0,0,17524,42568,0,0,46.7,0x0,nessuno,72304
1790772146.1,,,0,0,157536,244596,0,0,18032,42568,0,0,46.2,0x0,nessuno,72304
1790772176.2,,,0,0,157124,244596,0,0,18008,42568,0,0,46.2,0x0,nessuno,72304
1790772206.2,,,0,0,157340,244596,0,0,17896,42568,0,0,47.2,0x0,nessuno,72304
1790772236.2,,,0,0,157320,244596,0,0,17372,42568,0,0,46.2,0x0,nessuno,72304
1790772266.2,,,0,0,157520,244596,0,0,17312,42568,0,0,46.2,0x0,nessuno,72304
1790772296.2,,,0,0,157360,244596,0,0,17632,42568,0,0,46.2,0x0,nessuno,72304
1790772326.2,,,0,0,157436,244596,0,0,17748,42568,0,0,46.2,0x0,nessuno,72304
1790772356.2,,,0,0,157380,244596,0,0,18084,42568,0,0,46.2,0x0,nessuno,72304
1790772386.2,,,0,0,157372,244596,0,0,17896,42568,0,0,46.2,0x0,nessuno,72304
1790772416.2,,,0,0,157308,244596,0,0,17672,42568,0,0,46.2,0x0,nessuno,72304
1790772446.3,,,0,0,157116,244596,0,0,18360,42568,0,0,46.2,0x0,nessuno,72304
1790772476.3,,,0,0,157124,244596,0,0,18348,42568,0,0,46.2,0x0,nessuno,72304
1790772506.3,,,0,0,157516,244596,0,0,17220,42568,0,0,46.2,0x0,nessuno,72304
1790772536.3,,,0,0,157408,244596,0,0,18272,42568,0,0,46.2,0x0,nessuno,72304
1790772566.3,,,0,0,157104,244596,0,0,17884,42568,0,0,46.2,0x0,nessuno,72304
1790772596.3,,,0,0,157296,244596,0,0,17072,42568,0,0,46.2,0x0,nessuno,72304
1790772626.3,,,0,0,157400,244596,0,0,17524,42568,0,0,46.2,0x0,nessuno,72304
1790772656.3,,,0,0,157092,244596,0,0,17632,42568,0,0,46.2,0x0,nessuno,72304
1790772686.3,,,0,0,157492,244596,0,0,17996,42568,0,0,46.2,0x0,nessuno,72304
1790772716.4,,,0,0,157436,244596,0,0,18176,42568,0,0,46.2,0x0,nessuno,72304
1790772746.4,,,0,0,157228,244596,0,0,17580,42568,0,0,47.8,0x0,nessuno,72304
1790772776.4,,,0,0,157208,244596,0,0,18040,42568,0,0,47.2,0x0,nessuno,72304
1790772806.4,,,0,0,157412,244596,0,0,18040,42568,0,0,47.2,0x0,nessuno,72304
1790772836.4,,,0,0,157328,244596,0,0,17964,42568,0,0,46.7,0x0,nessuno,72304
1790772866.4,,,0,0,157208,244596,0,0,17516,42568,0,0,45.6,0x0,nessuno,72304
1790772896.4,,,0,0,157252,244596,0,0,17056,42568,0,0,46.7,0x0,nessuno,72304
1790772926.4,,,0,0,157204,244596,0,0,18032,42568,0,0,46.7,0x0,nessuno,72304
1790772956.4,,,0,0,157288,244596,0,0,17976,42568,0,0,47.2,0x0,nessuno,72304
1790772986.4,,,0,0,157420,244596,0,0,16976,42568,0,0,46.2,0x0,nessuno,72304
1790773016.5,,,0,0,157184,244596,0,0,17452,42568,0,0,46.7,0x0,nessuno,72304
1790773046.5,,,0,0,156928,244596,0,0,17224,42568,0,0,47.2,0x0,nessuno,72304
1790773076.5,,,0,0,157148,244596,0,0,17464,42568,0,0,46.2,0x0,nessuno,72304
1790773106.5,,,0,0,157524,244596,0,0,17484,42568,0,0,46.7,0x0,nessuno,72304
1790773136.5,,,0,0,157088,244596,0,0,17792,42568,0,0,46.7,0x0,nessuno,72304
1790773166.5,,,0,0,157248,244596,0,0,17176,42568,0,0,47.2,0x0,nessuno,72304
1790773196.5,,,0,0,157300,244596,0,0,17184,42568,0,0,46.2,0x0,nessuno,72304
1790773226.5,,,0,0,157320,244596,0,0,17156,42568,0,0,46.7,0x0,nessuno,72304
1790773256.5,,,0,0,157436,244596,0,0,17504,42568,0,0,46.7,0x0,nessuno,72304
1790773286.6,,,0,0,157252,244596,0,0,17800,42568,0,0,46.2,0x0,nessuno,72304
1790773316.6,,,0,0,157252,244596,0,0,17612,42568,0,0,45.1,0x0,nessuno,72304
1790773346.6,,,0,0,161392,244596,0,0,17420,42568,0,0,46.2,0x0,nessuno,72300
1790773376.6,,,0,0,157416,244596,0,0,17888,42568,0,0,44.5,0x0,nessuno,72300
1790773406.6,,,0,0,172468,244596,0,0,17560,42568,0,0,46.2,0x0,nessuno,72296
1790773436.6,,,0,0,157628,244596,0,0,16996,42568,0,0,45.6,0x0,nessuno,72296
1790773466.6,,,0,0,157852,244596,0,0,17524,42568,0,0,45.6,0x0,nessuno,72288
1790773496.6,,,0,0,175468,244596,0,0,17484,42568,0,0,45.6,0x0,nessuno,72284
1790773526.7,,,0,0,169868,244596,0,0,17408,42568,0,0,45.1,0x0,nessuno,72276
1790773556.7,,,0,0,157384,244596,0,0,17172,42568,0,0,45.6,0x0,nessuno,72276
1790773586.7,,,0,0,172368,244596,0,0,17560,42568,0,0,46.2,0x0,nessuno,72276
1790773616.7,,,0,0,157564,244596,0,0,16736,42568,0,0,45.6,0x0,nessuno,72276
1790773646.7,,,0,0,157780,244596,0,0,17484,42568,0,0,45.1,0x0,nessuno,72276
1790773676.7,,,0,0,157480,244596,0,0,18064,42568,0,0,45.6,0x0,nessuno,72276
1790773706.7,,,0,0,157688,244596,0,0,17832,42568,0,0,46.2,0x0,nessuno,72276
1790773736.7,,,0,0,157828,244596,0,0,17684,42568,0,0,46.2,0x0,nessuno,72276
1790773766.7,,,0,0,157772,244596,0,0,17884,42568,0,0,46.2,0x0,nessuno,72276
1790773796.7,,,0,0,157848,244596,0,0,17988,42568,0,0,46.2,0x0,nessuno,72276
1790773826.8,,,0,0,157816,244596,0,0,18068,42568,0,0,46.2,0x0,nessuno,72276
1790773856.8,,,0,0,157844,244596,0,0,17860,42568,0,0,46.2,0x0,nessuno,72276
1790773886.8,,,0,0,157520,244596,0,0,17592,42568,0,0,45.6,0x0,nessuno,72276
1790773916.8,,,0,0,157412,244596,0,0,18044,42568,0,0,46.7,0x0,nessuno,72276
1790773946.8,,,0,0,157476,244596,0,0,17824,42568,0,0,45.6,0x0,nessuno,72276
1790773976.8,,,0,0,157528,244596,0,0,17576,42568,0,0,46.2,0x0,nessuno,72276
1790774006.8,,,0,0,157604,244596,0,0,17612,42568,0,0,46.2,0x0,nessuno,72276
1790774036.8,,,0,0,157420,244596,0,0,17960,42568,0,0,46.2,0x0,nessuno,72276
1790774066.8,,,0,0,157720,244596,0,0,17588,42568,0,0,46.2,0x0,nessuno,72276
1790774096.9,,,0,0,157940,244596,0,0,17876,42568,0,0,46.2,0x0,nessuno,72276
1790774126.9,,,0,0,157896,244596,0,0,17576,42568,0,0,46.7,0x0,nessuno,72276
1790774156.9,,,0,0,157964,244596,0,0,17032,42568,0,0,46.7,0x0,nessuno,72276
1790774186.9,,,0,0,157628,244596,0,0,17572,42568,0,0,46.2,0x0,nessuno,72276
1790774216.9,,,0,0,157796,244596,0,0,17568,42568,0,0,46.2,0x0,nessuno,72276
1790774246.9,,,0,0,157672,244596,0,0,17832,42568,0,0,46.2,0x0,nessuno,72276
1790774276.9,,,0,0,157704,244596,0,0,17596,42568,0,0,46.2,0x0,nessuno,72276
1790774306.9,,,0,0,157884,244596,0,0,17888,42568,0,0,46.2,0x0,nessuno,72276
1790774336.9,,,0,0,157804,244596,0,0,16916,42568,0,0,46.7,0x0,nessuno,72276
1790774367.0,,,0,0,157664,244596,0,0,17912,42568,0,0,46.2,0x0,nessuno,72276
1790774397.0,,,0,0,157804,244596,0,0,17632,42568,0,0,46.7,0x0,nessuno,72276
1790774427.0,,,0,0,157656,244596,0,0,17792,42568,0,0,46.2,0x0,nessuno,72276
1790774457.0,,,0,0,157932,244596,0,0,17736,42568,0,0,46.2,0x0,nessuno,72276
1790774487.0,,,0,0,157708,244596,0,0,18064,42568,0,0,46.2,0x0,nessuno,72276
1790774517.0,,,0,0,157604,244596,0,0,18116,42568,0,0,46.2,0x0,nessuno,72276
1790774547.0,,,0,0,157932,244596,0,0,17400,42568,0,0,46.2,0x0,nessuno,72276
1790774577.0,,,0,0,157500,244596,0,0,17236,42568,0,0,46.2,0x0,nessuno,72276
1790774607.0,,,0,0,157708,244596,0,0,18040,42568,0,0,46.2,0x0,nessuno,72276
1790774637.0,,,0,0,157528,244596,0,0,17032,42568,0,0,46.2,0x0,nessuno,72276
1790774667.1,,,0,0,157892,244596,0,0,18116,42568,0,0,46.2,0x0,nessuno,72276
1790774697.1,,,0,0,157748,244596,0,0,18084,42568,0,0,46.2,0x0,nessuno,72276
1790774727.1,,,0,0,157832,244596,0,0,17644,42568,0,0,46.7,0x0,nessuno,72276
1790774757.1,,,0,0,157512,244596,0,0,17932,42568,0,0,46.2,0x0,nessuno,72276
1790774787.1,,,0,0,157612,244596,0,0,17664,42568,0,0,46.2,0x0,nessuno,72276
1790774817.1,,,0,0,157668,244596,0,0,17244,42568,0,0,45.6,0x0,nessuno,72276
1790774847.1,,,0,0,157612,244596,0,0,17308,42568,0,0,46.2,0x0,nessuno,72276
1790774877.1,,,0,0,157772,244596,0,0,17624,42568,0,0,46.2,0x0,nessuno,72276
1790774907.1,,,0,0,157676,244596,0,0,17868,42568,0,0,46.2,0x0,nessuno,72276
1790774937.2,,,0,0,157788,244596,0,0,17608,42568,0,0,46.2,0x0,nessuno,72276
1790774967.2,,,0,0,157908,244596,0,0,17952,42568,0,0,46.2,0x0,nessuno,72276
1790774997.2,,,0,0,157840,244596,0,0,17728,42568,0,0,46.2,0x0,nessuno,72276
1790775027.2,,,0,0,157656,244596,0,0,17912,42568,0,0,46.7,0x0,nessuno,72276
1790775057.2,,,0,0,157508,244596,0,0,18144,42568,0,0,46.2,0x0,nessuno,72276
1790775087.2,,,0,0,157720,244596,0,0,17360,42568,0,0,46.2,0x0,nessuno,72276
1790775117.2,,,0,0,157680,244596,0,0,17872,42568,0,0,46.2,0x0,nessuno,72276
1790775147.2,,,0,0,157860,244596,0,0,17948,42568,0,0,46.7,0x0,nessuno,72276
1790775177.2,,,0,0,157692,244596,0,0,17456,42568,0,0,46.2,0x0,nessuno,72276
1790775207.3,,,0,0,157980,244596,0,0,16900,42568,0,0,46.7,0x0,nessuno,72276
1790775237.3,,,0,0,157728,244596,0,0,17700,42568,0,0,46.2,0x0,nessuno,72276
1790775267.3,,,0,0,157656,244596,0,0,17968,42568,0,0,46.2,0x0,nessuno,72276
1790775297.3,,,0,0,157784,244596,0,0,17348,42568,0,0,46.2,0x0,nessuno,72276
1790775327.3,,,0,0,157892,244596,0,0,17940,42568,0,0,46.2,0x0,nessuno,72276
1790775357.3,,,0,0,157532,244596,0,0,18000,42568,0,0,47.2,0x0,nessuno,72276
1790775387.3,,,0,0,157504,244596,0,0,17628,42568,0,0,46.7,0x0,nessuno,72276
1790775417.3,,,0,0,157432,244596,0,0,17552,42568,0,0,46.2,0x0,nessuno,72276
1790775447.3,,,0,0,157864,244596,0,0,17964,42568,0,0,46.2,0x0,nessuno,72276
1790775477.4,,,0,0,157768,244596,0,0,17672,42568,0,0,46.2,0x0,nessuno,72276
1790775507.4,,,0,0,157864,244596,0,0,18020,42568,0,0,46.7,0x0,nessuno,72276
1790775537.4,,,0,0,157660,244596,0,0,17756,42568,0,0,47.2,0x0,nessuno,72276
1790775567.4,,,0,0,157876,244596,0,0,17788,42568,0,0,47.2,0x0,nessuno,72276
1790775597.4,,,0,0,157840,244596,0,0,17112,42568,0,0,46.2,0x0,nessuno,72276
1790775627.4,,,0,0,157468,244596,0,0,17928,42568,0,0,46.2,0x0,nessuno,72276
1790775657.4,,,0,0,157660,244596,0,0,17548,42568,0,0,46.2,0x0,nessuno,72276
1790775687.4,,,0,0,157716,244596,0,0,17620,42568,0,0,46.2,0x0,nessuno,72276
1790775717.4,,,0,0,157820,244596,0,0,17088,42568,0,0,46.7,0x0,nessuno,72276
1790775747.5,,,0,0,157552,244596,0,0,17468,42568,0,0,46.7,0x0,nessuno,72276
1790775777.5,,,0,0,157408,244596,0,0,17140,42568,0,0,46.2,0x0,nessuno,72276
1790775807.5,,,0,0,157788,244596,0,0,17616,42568,0,0,46.2,0x0,nessuno,72276
1790775837.5,,,0,0,157604,244596,0,0,17576,42568,0,0,46.2,0x0,nessuno,72276
1790775867.5,,,0,0,157416,244596,0,0,17556,42568,0,0,46.7,0x0,nessuno,72276
1790775897.5,,,0,0,157596,244596,0,0,17876,42568,0,0,46.2,0x0,nessuno,72272
1790775927.5,,,0,0,157864,244596,0,0,17976,42568,0,0,46.7,0x0,nessuno,72272
1790775957.5,,,0,0,157848,244596,0,0,17768,42568,0,0,46.2,0x0,nessuno,72272
1790775987.5,,,0,0,157720,244596,0,0,17168,42568,0,0,46.2,0x0,nessuno,72272
1790776017.6,,,0,0,157868,244596,0,0,18048,42568,0,0,46.2,0x0,nessuno,72272
1790776047.6,,,0,0,158032,244596,0,0,17344,42568,0,0,46.2,0x0,nessuno,72272
1790776077.6,,,0,0,157400,244596,0,0,17852,42568,0,0,46.2,0x0,nessuno,72272
1790776107.6,,,0,0,157728,244596,0,0,17252,42568,0,0,46.7,0x0,nessuno,72272
1790776137.6,,,0,0,157560,244596,0,0,17360,42568,0,0,46.2,0x0,nessuno,72272
1790776167.6,,,0,0,157672,244596,0,0,17796,42568,0,0,46.7,0x0,nessuno,72272
1790776197.6,,,0,0,157512,244596,0,0,17644,42568,0,0,46.2,0x0,nessuno,72272
1790776227.6,,,0,0,157952,244596,0,0,17736,42568,0,0,46.2,0x0,nessuno,72272
1790776257.7,,,0,0,157808,244596,0,0,17160,42568,0,0,46.2,0x0,nessuno,72272
1790776287.7,,,0,0,157804,244596,0,0,17984,42568,0,0,46.2,0x0,nessuno,72272
1790776317.7,,,0,0,157688,244596,0,0,17760,42568,0,0,47.2,0x0,nessuno,72272
1790776347.7,,,0,0,157576,244596,0,0,17532,42568,0,0,46.2,0x0,nessuno,72272
1790776377.7,,,0,0,157976,244596,0,0,17756,42568,0,0,46.2,0x0,nessuno,72272
1790776407.7,,,0,0,157592,244596,0,0,17956,42568,0,0,46.7,0x0,nessuno,72272
1790776437.7,,,0,0,157804,244596,0,0,18296,42568,0,0,46.7,0x0,nessuno,72272
1790776467.7,,,0,0,157564,244596,0,0,17440,42568,0,0,46.2,0x0,nessuno,72272
1790776497.7,,,0,0,157780,244596,0,0,16984,42568,0,0,46.2,0x0,nessuno,72272
1790776527.8,,,0,0,157884,244596,0,0,17240,42568,0,0,46.2,0x0,nessuno,72272
1790776557.8,,,0,0,157772,244596,0,0,17972,42568,0,0,46.2,0x0,nessuno,72272
1790776587.8,,,0,0,157780,244596,0,0,17076,42568,0,0,46.2,0x0,nessuno,72272
1790776617.8,,,0,0,157816,244596,0,0,17128,42568,0,0,46.2,0x0,nessuno,72268
1790776647.8,,,0,0,157944,244596,0,0,17692,42568,0,0,46.2,0x0,nessuno,72268
1790776677.8,,,0,0,157628,244596,0,0,17424,42568,0,0,46.7,0x0,nessuno,72268
1790776707.8,,,0,0,157892,244596,0,0,17828,42568,0,0,46.2,0x0,nessuno,72268
1790776737.8,,,0,0,157800,244596,0,0,18124,42568,0,0,46.2,0x0,nessuno,72268
1790776767.8,,,0,0,157944,244596,0,0,16816,42568,0,0,47.2,0x0,nessuno,72268
1790776797.8,,,0,0,157432,244596,0,0,17768,42568,0,0,46.2,0x0,nessuno,72268
1790776827.9,,,0,0,157604,244596,0,0,16900,42568,0,0,46.2,0x0,nessuno,72268
1790776857.9,,,0,0,157840,244596,0,0,17768,42568,0,0,46.2,0x0,nessuno,72268
1790776887.9,,,0,0,157664,244596,0,0,17624,42568,0,0,46.2,0x0,nessuno,72264
1790776917.9,,,0,0,157744,244596,0,0,17148,42568,0,0,46.7,0x0,nessuno,72264
1790776947.9,,,0,0,157820,244596,0,0,17628,42568,0,0,46.2,0x0,nessuno,72264
1790776977.9,,,0,0,157880,244596,0,0,17820,42568,0,0,44.0,0x0,nessuno,72360
1790777007.9,,,0,0,157608,244596,0,0,17696,42568,0,0,45.1,0x0,nessuno,72360
1790777037.9,,,0,0,157864,244596,0,0,17732,42568,0,0,45.6,0x0,nessuno,72400
1790777067.9,,,0,0,162064,244596,0,0,17840,42568,0,0,45.1,0x0,nessuno,72372
1790777098.0,,,0,0,157860,244596,0,0,17056,42568,0,0,45.1,0x0,nessuno,72368
1790777128.0,,,0,0,157920,244596,0,0,18020,42568,0,0,46.2,0x0,nessuno,72356
1790777158.0,,,0,0,165568,244596,0,0,16792,42568,0,0,45.1,0x0,nessuno,72352
1790777188.0,,,0,0,158168,244596,0,0,16668,42568,0,0,45.6,0x0,nessuno,72416
1790777218.0,,,0,0,157872,244596,0,0,17108,42568,0,0,44.5,0x0,nessuno,72408
1790777248.0,,,0,0,157544,244596,0,0,17224,42568,0,0,46.2,0x0,nessuno,72584
1790777278.0,,,0,0,157924,244596,0,0,16812,42568,0,0,44.5,0x0,nessuno,72576
1790777308.0,,,0,0,172572,244596,0,0,17008,42568,0,0,45.6,0x0,nessuno,72756
1790777338.1,,,0,0,157768,244596,0,0,17364,42568,0,0,45.1,0x0,nessuno,72756
1790777368.1,,,0,0,157848,244596,0,0,16772,42568,0,0,45.1,0x0,nessuno,72756
1790777398.1,,,0,0,157748,244596,0,0,16892,42568,0,0,46.2,0x0,nessuno,72756
1790777428.1,,,0,0,157808,244596,0,0,16592,42568,0,0,46.2,0x0,nessuno,72756
1790777458.1,,,0,0,157796,244596,0,0,17928,42568,0,0,45.6,0x0,nessuno,72756
1790777488.1,,,0,0,157684,244596,0,0,17200,42568,0,0,46.2,0x0,nessuno,72756
1790777518.1,,,0,0,157828,244596,0,0,17528,42568,0,0,46.7,0x0,nessuno,72756
1790777548.1,,,0,0,157536,244596,0,0,16536,42568,0,0,46.2,0x0,nessuno,72756
1790777578.1,,,0,0,157880,244596,0,0,17520,42568,0,0,46.2,0x0,nessuno,72756
1790777608.2,,,0,0,157908,244596,0,0,16824,42568,0,0,46.2,0x0,nessuno,72756
1790777638.2,,,0,0,157812,244596,0,0,17024,42568,0,0,46.2,0x0,nessuno,72756
1790777668.2,,,0,0,157612,244596,0,0,16972,42568,0,0,46.2,0x0,nessuno,72756
1790777698.2,,,0,0,157740,244596,0,0,17156,42568,0,0,46.2,0x0,nessuno,72756
1790777728.2,,,0,0,158020,244596,0,0,17648,42568,0,0,46.2,0x0,nessuno,72756
1790777758.2,,,0,0,157816,244596,0,0,16276,42568,0,0,46.7,0x0,nessuno,72756
1790777788.2,,,0,0,157896,244596,0,0,17580,42568,0,0,46.2,0x0,nessuno,72756
1790777818.2,,,0,0,157652,244596,0,0,16624,42568,0,0,46.2,0x0,nessuno,72756
1790777848.2,,,0,0,157616,244596,0,0,17200,42568,0,0,46.2,0x0,nessuno,72756
1790777878.3,,,0,0,157732,244596,0,0,16572,42568,0,0,46.2,0x0,nessuno,72756
1790777908.3,,,0,0,157668,244596,0,0,17532,42568,0,0,46.7,0x0,nessuno,72756
1790777938.3,,,0,0,157376,244596,0,0,17088,42568,0,0,46.2,0x0,nessuno,72756
1790777968.3,,,0,0,157956,244596,0,0,16896,42568,0,0,46.7,0x0,nessuno,72756
1790777998.3,,,0,0,157876,244596,0,0,17232,42568,0,0,46.7,0x0,nessuno,72756
1790778028.3,,,0,0,158000,244596,0,0,17448,42568,0,0,46.7,0x0,nessuno,72756
1790778058.3,,,0,0,157744,244596,0,0,17632,42568,0,0,46.2,0x0,nessuno,72756
1790778088.3,,,0,0,157632,244596,0,0,16856,42568,0,0,46.2,0x0,nessuno,72756
1790778118.3,,,0,0,157760,244596,0,0,17128,42568,0,0,46.2,0x0,nessuno,72756
1790778148.3,,,0,0,157692,244596,0,0,17176,42568,0,0,46.7,0x0,nessuno,72756
1790778178.4,,,0,0,157600,244596,0,0,17372,42568,0,0,46.2,0x0,nessuno,72756
1790778208.4,,,0,0,157820,244596,0,0,17360,42568,0,0,46.7,0x0,nessuno,72756
1790778238.4,,,0,0,157848,244596,0,0,17088,42568,0,0,46.2,0x0,nessuno,72756
1790778268.4,,,0,0,157800,244596,0,0,17492,42568,0,0,46.2,0x0,nessuno,72756
1790778298.4,,,0,0,157816,244596,0,0,16376,42568,0,0,46.7,0x0,nessuno,72756
1790778328.4,,,0,0,157604,244596,0,0,16636,42568,0,0,46.2,0x0,nessuno,72756
1790778358.4,,,0,0,136208,244596,0,0,14504,42568,0,0,46.2,0x0,nessuno,95212
1790778388.4,,,0,0,136256,244596,0,0,14340,42568,0,0,46.7,0x0,nessuno,95168
1790778418.5,,,0,0,136172,244596,0,0,14768,42568,0,0,46.7,0x0,nessuno,95140
1790778448.5,,,0,0,136080,244596,0,0,13924,42568,0,0,46.2,0x0,nessuno,95128
1790778478.5,,,0,0,136356,244596,0,0,14564,42568,0,0,46.7,0x0,nessuno,95088
1790778508.5,,,0,0,135896,244596,0,0,13988,42568,0,0,47.2,0x0,nessuno,95072
1790778538.5,,,0,0,136328,244596,0,0,14732,42568,0,0,46.7,0x0,nessuno,95044
1790778568.5,,,0,0,136372,244596,0,0,14104,42568,0,0,46.7,0x0,nessuno,94964
1790778598.5,,,0,0,137512,244596,0,0,14108,42568,0,0,46.2,0x0,nessuno,93700
1790778628.5,,,0,0,137604,244596,0,0,15132,42568,0,0,46.2,0x0,nessuno,93688
1790778658.5,,,0,0,137720,244596,0,0,14572,42568,0,0,46.7,0x0,nessuno,93684
1790778688.6,,,0,0,137784,244596,0,0,14452,42568,0,0,46.2,0x0,nessuno,93460
1790778718.6,,,0,0,137820,244596,0,0,14644,42568,0,0,46.2,0x0,nessuno,93460
1790778748.6,,,0,0,137728,244596,0,0,14244,42568,0,0,46.7,0x0,nessuno,93460
1790778778.6,,,0,0,137964,244596,0,0,14224,42568,0,0,46.2,0x0,nessuno,93460
1790778808.6,,,0,0,137900,244596,0,0,14792,42568,0,0,46.2,0x0,nessuno,93460
1790778838.6,,,0,0,137728,244596,0,0,14552,42568,0,0,47.2,0x0,nessuno,93460
1790778868.6,,,0,0,137868,244596,0,0,14620,42568,0,0,46.2,0x0,nessuno,93460
1790778898.6,,,0,0,137868,244596,0,0,14524,42568,0,0,46.7,0x0,nessuno,93460
1790778928.6,,,0,0,137608,244596,0,0,13784,42568,0,0,46.7,0x0,nessuno,93460
1790778958.7,,,0,0,137788,244596,0,0,14556,42568,0,0,46.7,0x0,nessuno,93460
1790778988.7,,,0,0,137840,244596,0,0,14156,42568,0,0,46.7,0x0,nessuno,93460
1790779018.7,,,0,0,137948,244596,0,0,14692,42568,0,0,46.2,0x0,nessuno,93460
1790779048.7,,,0,0,137792,244596,0,0,14012,42568,0,0,46.2,0x0,nessuno,93460
1790779078.7,,,0,0,137684,244596,0,0,14652,42568,0,0,46.7,0x0,nessuno,93460
1790779108.7,,,0,0,137884,244596,0,0,14540,42568,0,0,46.2,0x0,nessuno,93456
1790779138.7,,,0,0,137792,244596,0,0,14704,42568,0,0,46.7,0x0,nessuno,93456
1790779168.7,,,0,0,137728,244596,0,0,13848,42568,0,0,46.7,0x0,nessuno,93456
1790779198.8,,,0,0,137852,244596,0,0,14508,42568,0,0,46.7,0x0,nessuno,93440
1790779228.8,,,0,0,137732,244596,0,0,13956,42568,0,0,46.2,0x0,nessuno,93440
1790779258.8,,,0,0,137720,244596,0,0,14100,42568,0,0,46.2,0x0,nessuno,93440
1790779288.8,,,0,0,137796,244596,0,0,14008,42568,0,0,47.2,0x0,nessuno,93440
1790779318.8,,,0,0,137760,244596,0,0,13592,42568,0,0,47.2,0x0,nessuno,93440
1790779348.8,,,0,0,137632,244596,0,0,13804,42568,0,0,46.2,0x0,nessuno,93440
1790779378.8,,,0,0,137900,244596,0,0,14380,42568,0,0,46.7,0x0,nessuno,93440
1790779408.8,,,0,0,138100,244596,0,0,13628,42568,0,0,46.2,0x0,nessuno,93440
1790779438.8,,,0,0,137884,244596,0,0,14040,42568,0,0,46.2,0x0,nessuno,93440
1790779468.9,,,0,0,137700,244596,0,0,14876,42568,0,0,46.2,0x0,nessuno,93440
1790779498.9,,,0,0,137700,244596,0,0,14100,42568,0,0,46.2,0x0,nessuno,93440
1790779528.9,,,0,0,137944,244596,0,0,14276,42568,0,0,46.2,0x0,nessuno,93440
1790779558.9,,,0,0,138028,244596,0,0,14740,42568,0,0,46.2,0x0,nessuno,93440
1790779588.9,,,0,0,137892,244596,0,0,13792,42568,0,0,46.2,0x0,nessuno,93440
1790779618.9,,,0,0,137872,244596,0,0,14748,42568,0,0,46.7,0x0,nessuno,93440
1790779648.9,,,0,0,137640,244596,0,0,13768,42568,0,0,47.2,0x0,nessuno,93436
1790779678.9,,,0,0,137804,244596,0,0,14388,42568,0,0,46.2,0x0,nessuno,93412
1790779708.9,,,0,0,137572,244596,0,0,13724,42568,0,0,46.2,0x0,nessuno,93412
1790779739.0,,,0,0,137672,244596,0,0,14728,42568,0,0,47.2,0x0,nessuno,93240
1790779769.0,,,0,0,137796,244596,0,0,14084,42568,0,0,46.2,0x0,nessuno,93240
1790779799.0,,,0,0,137628,244596,0,0,14780,42568,0,0,46.2,0x0,nessuno,93240
1790779829.0,,,0,0,137576,244596,0,0,14308,42568,0,0,46.7,0x0,nessuno,93240
1790779859.0,,,0,0,137768,244596,0,0,14488,42568,0,0,46.2,0x0,nessuno,93240
1790779889.0,,,0,0,137888,244596,0,0,13380,42568,0,0,47.2,0x0,nessuno,93240
1790779919.0,,,0,0,138048,244596,0,0,14428,42568,0,0,46.2,0x0,nessuno,93240
1790779949.0,,,0,0,137944,244596,0,0,13708,42568,0,0,47.2,0x0,nessuno,93240
1790779979.1,,,0,0,137864,244596,0,0,14808,42568,0,0,46.2,0x0,nessuno,93240
1790780009.1,,,0,0,137792,244596,0,0,13960,42568,0,0,46.7,0x0,nessuno,93236
1790780039.1,,,0,0,137816,244596,0,0,13744,42568,0,0,46.2,0x0,nessuno,93236
1790780069.1,,,0,0,138028,244596,0,0,14680,42568,0,0,46.2,0x0,nessuno,93236
1790780099.1,,,0,0,137848,244596,0,0,13892,42568,0,0,46.2,0x0,nessuno,93236
1790780129.1,,,0,0,137956,244596,0,0,14332,42568,0,0,46.2,0x0,nessuno,93236
1790780159.1,,,0,0,137884,244596,0,0,14124,42568,0,0,46.7,0x0,nessuno,93236
1790780189.1,,,0,0,137764,244596,0,0,14168,42568,0,0,46.7,0x0,nessuno,93236
1790780219.1,,,0,0,137952,244596,0,0,14736,42568,0,0,46.2,0x0,nessuno,93236
1790780249.2,,,0,0,138052,244596,0,0,14672,42568,0,0,46.7,0x0,nessuno,93236
1790780279.2,,,0,0,137828,244596,0,0,14196,42568,0,0,46.7,0x0,nessuno,93236
1790780309.2,,,0,0,138032,244596,0,0,14320,42568,0,0,46.2,0x0,nessuno,93236
1790780339.2,,,0,0,138016,244596,0,0,14396,42568,0,0,46.2,0x0,nessuno,93236
1790780369.2,,,0,0,137828,244596,0,0,14252,42568,0,0,46.2,0x0,nessuno,93236
1790780399.2,,,0,0,137912,244596,0,0,14752,42568,0,0,46.7,0x0,nessuno,93236
1790780429.2,,,0,0,137696,244596,0,0,14364,42568,0,0,46.2,0x0,nessuno,93236
1790780459.2,,,0,0,137804,244596,0,0,14512,42568,0,0,46.2,0x0,nessuno,93236
1790780489.2,,,0,0,137964,244596,0,0,14028,42568,0,0,46.2,0x0,nessuno,93236
1790780519.3,,,0,0,137872,244596,0,0,14728,42568,0,0,46.7,0x0,nessuno,93236
1790780549.3,,,0,0,138020,244596,0,0,14660,42568,0,0,47.2,0x0,nessuno,93236
1790780579.3,,,0,0,137896,244596,0,0,14400,42568,0,0,46.2,0x0,nessuno,93236
1790780609.3,,,0,0,138012,244596,0,0,14364,42568,0,0,46.2,0x0,nessuno,93236
1790780639.3,,,0,0,136952,244596,0,0,13568,42568,0,0,45.1,0x0,nessuno,92028
1790780669.3,,,0,0,137924,244596,0,0,14776,42568,0,0,45.1,0x0,nessuno,91196
1790780699.3,,,0,0,152928,244596,0,0,14024,42568,0,0,45.6,0x0,nessuno,91044
1790780729.3,,,0,0,154480,244596,0,0,14288,42568,0,0,46.7,0x0,nessuno,89772
1790780759.3,,,0,0,140240,244596,0,0,13692,42568,0,0,44.5,0x0,nessuno,88936
1790780789.4,,,0,0,155588,244596,0,0,14104,42568,0,0,45.6,0x0,nessuno,88736
1790780819.4,,,0,0,155748,244596,0,0,14032,42568,0,0,45.6,0x0,nessuno,88496
1790780849.4,,,0,0,141032,244596,0,0,14264,42568,0,0,44.0,0x0,nessuno,88384
1790780879.4,,,0,0,142616,244596,0,0,14492,42568,0,0,45.1,0x0,nessuno,87884
1790780909.4,,,0,0,157964,244596,0,0,14220,42568,0,0,45.6,0x0,nessuno,87596
1790780939.4,,,0,0,143232,244596,0,0,14432,42568,0,0,44.5,0x0,nessuno,87564
1790780969.4,,,0,0,143100,244596,0,0,14372,42568,0,0,45.1,0x0,nessuno,87548
1790780999.4,,,0,0,155440,244596,0,0,14236,42568,0,0,45.6,0x0,nessuno,87520
1790781029.4,,,0,0,143212,244596,0,0,13828,42568,0,0,45.6,0x0,nessuno,87520
1790781059.5,,,0,0,143380,244596,0,0,13956,42568,0,0,45.1,0x0,nessuno,87520
1790781089.5,,,0,0,143268,244596,0,0,14388,42568,0,0,46.7,0x0,nessuno,87520
1790781119.5,,,0,0,143124,244596,0,0,13968,42568,0,0,46.2,0x0,nessuno,87520
1790781149.5,,,0,0,143380,244596,0,0,13552,42568,0,0,46.2,0x0,nessuno,87520
1790781179.5,,,0,0,143188,244596,0,0,14332,42568,0,0,46.7,0x0,nessuno,87520
1790781209.5,,,0,0,143148,244596,0,0,13644,42568,0,0,46.2,0x0,nessuno,87520
1790781239.5,,,0,0,143232,244596,0,0,14320,42568,0,0,45.6,0x0,nessuno,87520
1790781269.5,,,0,0,143328,244596,0,0,13736,42568,0,0,46.7,0x0,nessuno,87520
1790781299.5,,,0,0,143252,244596,0,0,14124,42568,0,0,46.7,0x0,nessuno,87520
1790781329.6,,,0,0,143232,244596,0,0,13672,42568,0,0,46.2,0x0,nessuno,87520
1790781359.6,,,0,0,143524,244596,0,0,14656,42568,0,0,46.2,0x0,nessuno,87520
1790781389.6,,,0,0,143216,244596,0,0,13784,42568,0,0,46.7,0x0,nessuno,87520
1790781419.6,,,0,0,143204,244596,0,0,14524,42568,0,0,45.6,0x0,nessuno,87520
1790781449.6,,,0,0,143312,244596,0,0,14644,42568,0,0,47.2,0x0,nessuno,87520
1790781479.6,,,0,0,143296,244596,0,0,14324,42568,0,0,46.7,0x0,nessuno,87520
1790781509.6,,,0,0,143076,244596,0,0,14648,42568,0,0,46.2,0x0,nessuno,87520
1790781539.6,,,0,0,143152,244596,0,0,14072,42568,0,0,46.2,0x0,nessuno,87520
1790781569.6,,,0,0,143272,244596,0,0,14428,42568,0,0,46.2,0x0,nessuno,87520
1790781599.6,,,0,0,143428,244596,0,0,13612,42568,0,0,46.2,0x0,nessuno,87520
1790781629.7,,,0,0,143468,244596,0,0,13748,42568,0,0,46.7,0x0,nessuno,87520
1790781659.7,,,0,0,143376,244596,0,0,13792,42568,0,0,46.7,0x0,nessuno,87520
1790781689.7,,,0,0,143144,244596,0,0,14036,42568,0,0,46.2,0x0,nessuno,87520
1790781719.7,,,0,0,143296,244596,0,0,14388,42568,0,0,46.7,0x0,nessuno,87520
1790781749.7,,,0,0,143376,244596,0,0,14188,42568,0,0,46.2,0x0,nessuno,87520
1790781779.7,,,0,0,143108,244596,0,0,13920,42568,0,0,46.2,0x0,nessuno,87520
1790781809.7,,,0,0,143208,244596,0,0,14332,42568,0,0,47.2,0x0,nessuno,87520
1790781839.7,,,0,0,143280,244596,0,0,14532,42568,0,0,46.2,0x0,nessuno,87520
1790781869.7,,,0,0,142924,244596,0,0,14172,42568,0,0,46.7,0x0,nessuno,87520
1790781899.8,,,0,0,143372,244596,0,0,13800,42568,0,0,45.6,0x0,nessuno,87520
1790781929.8,,,0,0,143008,244596,0,0,14392,42568,0,0,46.2,0x0,nessuno,87520
1790781959.8,,,0,0,143492,244596,0,0,13744,42568,0,0,46.2,0x0,nessuno,87520
1790781989.8,,,0,0,143376,244596,0,0,14144,42568,0,0,47.2,0x0,nessuno,87520
1790782019.8,,,0,0,143212,244596,0,0,14584,42568,0,0,47.2,0x0,nessuno,87520
1790782049.8,,,0,0,143252,244596,0,0,14316,42568,0,0,46.2,0x0,nessuno,87520
1790782079.8,,,0,0,143140,244596,0,0,14440,42568,0,0,47.2,0x0,nessuno,87520
1790782109.8,,,0,0,143512,244596,0,0,14628,42568,0,0,46.2,0x0,nessuno,87520
1790782139.8,,,0,0,143400,244596,0,0,14376,42568,0,0,45.6,0x0,nessuno,87520
1790782169.8,,,0,0,143304,244596,0,0,13704,42568,0,0,46.7,0x0,nessuno,87520
1790782199.9,,,0,0,143176,244596,0,0,14584,42568,0,0,46.2,0x0,nessuno,87520
1790782229.9,,,0,0,143444,244596,0,0,14544,42568,0,0,46.2,0x0,nessuno,87520
1790782259.9,,,0,0,143552,244596,0,0,14376,42568,0,0,46.2,0x0,nessuno,87520
1790782289.9,,,0,0,143260,244596,0,0,14596,42568,0,0,46.7,0x0,nessuno,87520
1790782319.9,,,0,0,143348,244596,0,0,14660,42568,0,0,46.7,0x0,nessuno,87520
1790782349.9,,,0,0,143440,244596,0,0,14452,42568,0,0,47.2,0x0,nessuno,87520
1790782379.9,,,0,0,142980,244596,0,0,14532,42568,0,0,46.2,0x0,nessuno,87520
1790782409.9,,,0,0,143256,244596,0,0,13684,42568,0,0,46.7,0x0,nessuno,87520
1790782439.9,,,0,0,143212,244596,0,0,14268,42568,0,0,45.6,0x0,nessuno,87520
1790782470.0,,,0,0,143604,244596,0,0,14252,42568,0,0,46.2,0x0,nessuno,87520
1790782500.0,,,0,0,143452,244596,0,0,14796,42568,0,0,46.2,0x0,nessuno,87520
1790782530.0,,,0,0,143512,244596,0,0,14552,42568,0,0,46.7,0x0,nessuno,87520
1790782560.0,,,0,0,143308,244596,0,0,14116,42568,0,0,46.7,0x0,nessuno,87520
1790782590.0,,,0,0,143368,244596,0,0,14488,42568,0,0,46.7,0x0,nessuno,87520
1790782620.0,,,0,0,143360,244596,0,0,14536,42568,0,0,46.2,0x0,nessuno,87520
1790782650.0,,,0,0,143412,244596,0,0,14312,42568,0,0,46.7,0x0,nessuno,87520
1790782680.0,,,0,0,142936,244596,0,0,14096,42568,0,0,46.2,0x0,nessuno,87520
1790782710.1,,,0,0,143516,244596,0,0,14924,42568,0,0,47.2,0x0,nessuno,87520
1790782740.1,,,0,0,143376,244596,0,0,14568,42568,0,0,46.2,0x0,nessuno,87520
1790782770.1,,,0,0,143456,244596,0,0,13828,42568,0,0,46.7,0x0,nessuno,87520
1790782800.1,,,0,0,143312,244596,0,0,14524,42568,0,0,46.2,0x0,nessuno,87520
1790782830.1,,,0,0,143556,244596,0,0,14556,42568,0,0,46.2,0x0,nessuno,87520
1790782860.1,,,0,0,143208,244596,0,0,14248,42568,0,0,46.2,0x0,nessuno,87520
1790782890.1,,,0,0,143300,244596,0,0,13916,42568,0,0,47.2,0x0,nessuno,87520
1790782920.1,,,0,0,143332,244596,0,0,14680,42568,0,0,46.7,0x0,nessuno,87520
1790782950.1,,,0,0,143180,244596,0,0,14420,42568,0,0,46.7,0x0,nessuno,87520
1790782980.2,,,0,0,143012,244596,0,0,14520,42568,0,0,47.2,0x0,nessuno,87520
1790783010.2,,,0,0,143392,244596,0,0,13832,42568,0,0,46.2,0x0,nessuno,87520
1790783040.2,,,0,0,143036,244596,0,0,13824,42568,0,0,46.7,0x0,nessuno,87520
1790783070.2,,,0,0,143376,244596,0,0,14044,42568,0,0,47.2,0x0,nessuno,87520
1790783100.2,,,0,0,143304,244596,0,0,13720,42568,0,0,46.7,0x0,nessuno,87520
1790783130.2,,,0,0,143108,244596,0,0,14744,42568,0,0,47.2,0x0,nessuno,87520
1790783160.2,,,0,0,143184,244596,0,0,14428,42568,0,0,46.7,0x0,nessuno,87520
1790783190.2,,,0,0,143116,244596,0,0,13804,42568,0,0,46.2,0x0,nessuno,87520
1790783220.2,,,0,0,143448,244596,0,0,14364,42568,0,0,46.7,0x0,nessuno,87520
1790783250.2,,,0,0,143464,244596,0,0,14660,42568,0,0,47.8,0x0,nessuno,87520
1790783280.3,,,0,0,143304,244596,0,0,14120,42568,0,0,46.7,0x0,nessuno,87520
1790783310.3,,,0,0,143380,244596,0,0,14592,42568,0,0,46.7,0x0,nessuno,87520
1790783340.3,,,0,0,143204,244596,0,0,15220,42568,0,0,46.2,0x0,nessuno,87520
1790783370.3,,,0,0,143356,244596,0,0,14336,42568,0,0,46.2,0x0,nessuno,87520
1790783400.3,,,0,0,143180,244596,0,0,14652,42568,0,0,46.7,0x0,nessuno,87520
1790783430.3,,,0,0,143152,244596,0,0,14220,42568,0,0,47.8,0x0,nessuno,87520
1790783460.3,,,0,0,143304,244596,0,0,14196,42568,0,0,46.2,0x0,nessuno,87520
1790783490.3,,,0,0,143240,244596,0,0,14272,42568,0,0,46.2,0x0,nessuno,87520
1790783520.3,,,0,0,143136,244596,0,0,13840,42568,0,0,46.2,0x0,nessuno,87520
1790783550.3,,,0,0,143516,244596,0,0,14488,42568,0,0,46.7,0x0,nessuno,87520
1790783580.4,,,0,0,143400,244596,0,0,14364,42568,0,0,46.7,0x0,nessuno,87520
1790783610.4,,,0,0,143320,244596,0,0,13920,42568,0,0,47.8,0x0,nessuno,87520
1790783640.4,,,0,0,143460,244596,0,0,14120,42568,0,0,46.2,0x0,nessuno,87520
1790783670.4,,,0,0,143432,244596,0,0,14396,42568,0,0,46.2,0x0,nessuno,87520
1790783700.4,,,0,0,143468,244596,0,0,14744,42568,0,0,46.2,0x0,nessuno,87520
1790783730.4,,,0,0,143308,244596,0,0,13936,42568,0,0,46.2,0x0,nessuno,87520
1790783760.4,,,0,0,143180,244596,0,0,13780,42568,0,0,46.2,0x0,nessuno,87520
1790783790.4,,,0,0,143104,244596,0,0,14676,42568,0,0,48.3,0x0,nessuno,87520
1790783820.4,,,0,0,143072,244596,0,0,14752,42568,0,0,46.2,0x0,nessuno,87520
1790783850.5,,,0,0,143084,244596,0,0,14752,42568,0,0,47.2,0x0,nessuno,87520
1790783880.5,,,0,0,143112,244596,0,0,13872,42568,0,0,47.2,0x0,nessuno,87520
1790783910.5,,,0,0,143248,244596,0,0,14112,42568,0,0,47.2,0x0,nessuno,87520
1790783940.5,,,0,0,143372,244596,0,0,14300,42568,0,0,47.2,0x0,nessuno,87520
1790783970.5,,,0,0,143284,244596,0,0,13780,42568,0,0,48.3,0x0,nessuno,87520
1790784000.5,,,0,0,143512,244596,0,0,13652,42568,0,0,46.2,0x0,nessuno,87520
1790784030.5,,,0,0,143540,244596,0,0,14652,42568,0,0,47.2,0x0,nessuno,87520
1790784060.5,,,0,0,143344,244596,0,0,14192,42568,0,0,46.7,0x0,nessuno,87520
1790784090.5,,,0,0,143236,244596,0,0,14588,42568,0,0,46.2,0x0,nessuno,87516
1790784120.5,,,0,0,143168,244596,0,0,14176,42568,0,0,46.2,0x0,nessuno,87516
1790784150.6,,,0,0,143092,244596,0,0,14288,42568,0,0,47.8,0x0,nessuno,87508
1790784180.6,,,0,0,143204,244596,0,0,13936,42568,0,0,47.8,0x0,nessuno,87492
1790784210.6,,,0,0,143352,244596,0,0,14856,42568,0,0,47.2,0x0,nessuno,87492
1790784240.6,,,0,0,143136,244596,0,0,14172,42568,0,0,46.2,0x0,nessuno,87492
1790784270.6,,,0,0,143404,244596,0,0,13772,42568,0,0,46.2,0x0,nessuno,87492
1790784300.6,,,0,0,143300,244596,0,0,14496,42568,0,0,47.2,0x0,nessuno,87492
1790784330.6,,,0,0,158056,244596,0,0,14436,42568,0,0,47.2,0x0,nessuno,87476
1790784360.6,,,0,0,143148,244596,0,0,14012,42568,0,0,45.1,0x0,nessuno,87476
1790784390.6,,,0,0,143420,244596,0,0,13420,42568,0,0,44.5,0x0,nessuno,87468
1790784420.7,,,0,0,158276,244596,0,0,14152,42568,0,0,45.6,0x0,nessuno,87428
1790784450.7,,,0,0,143524,244596,0,0,14616,42568,0,0,45.1,0x0,nessuno,87400
1790784480.7,,,0,0,143348,244596,0,0,14812,42568,0,0,44.0,0x0,nessuno,87360
1790784510.7,,,0,0,143476,244596,0,0,13568,42568,0,0,46.2,0x0,nessuno,87352
1790784540.7,,,0,0,143744,244596,0,0,14168,42568,0,0,45.1,0x0,nessuno,87340
1790784570.7,,,0,0,145692,244596,0,0,13660,42568,0,0,44.0,0x0,nessuno,87332
1790784600.7,,,0,0,144020,244596,0,0,14296,42568,0,0,45.1,0x0,nessuno,86928
1790784630.7,,,0,0,143704,244596,0,0,14356,42568,0,0,44.5,0x0,nessuno,86924
1790784660.8,,,0,0,161068,244596,0,0,13704,42568,0,0,45.6,0x0,nessuno,86308
1790784690.8,,,0,0,144588,244596,0,0,14232,42568,0,0,45.6,0x0,nessuno,86292
1790784720.8,,,0,0,159672,244596,0,0,14256,42568,0,0,45.1,0x0,nessuno,86240
1790784750.8,,,0,0,144816,244596,0,0,12908,42568,0,0,44.5,0x0,nessuno,86240
1790784780.8,,,0,0,144584,244596,0,0,14644,42568,0,0,45.6,0x0,nessuno,86240
1790784810.8,,,0,0,144752,244596,0,0,13764,42568,0,0,46.2,0x0,nessuno,86240
1790784840.8,,,0,0,144956,244596,0,0,14124,42568,0,0,45.6,0x0,nessuno,86240
1790784870.8,,,0,0,144932,244596,0,0,14256,42568,0,0,47.2,0x0,nessuno,86240
1790784900.9,,,0,0,145040,244596,0,0,14452,42568,0,0,46.2,0x0,nessuno,86240
1790784930.9,,,0,0,144796,244596,0,0,14432,42568,0,0,47.2,0x0,nessuno,86240
1790784960.9,,,0,0,144700,244596,0,0,14272,42568,0,0,46.2,0x0,nessuno,86240
1790784990.9,,,0,0,144688,244596,0,0,13900,42568,0,0,46.2,0x0,nessuno,86240
1790785020.9,,,0,0,145068,244596,0,0,14136,42568,0,0,46.7,0x0,nessuno,86240
1790785050.9,,,0,0,144636,244596,0,0,14016,42568,0,0,47.8,0x0,nessuno,86240
1790785080.9,,,0,0,145040,244596,0,0,14280,42568,0,0,46.7,0x0,nessuno,86240
1790785110.9,,,0,0,144856,244596,0,0,14184,42568,0,0,46.7,0x0,nessuno,86240
1790785141.0,,,0,0,144788,244596,0,0,13436,42568,0,0,46.2,0x0,nessuno,86240
1790785171.0,,,0,0,144984,244596,0,0,14796,42568,0,0,46.2,0x0,nessuno,86240
1790785201.0,,,0,0,145148,244596,0,0,14624,42568,0,0,46.7,0x0,nessuno,85768
1790785231.0,,,0,0,145440,244596,0,0,14480,42568,0,0,47.8,0x0,nessuno,85768
1790785261.0,,,0,0,144992,244596,0,0,14772,42568,0,0,47.2,0x0,nessuno,85768
1790785291.0,,,0,0,145032,244596,0,0,14796,42568,0,0,46.7,0x0,nessuno,85756
1790785321.0,,,0,0,145444,244596,0,0,14252,42568,0,0,46.2,0x0,nessuno,85756
1790785351.0,,,0,0,145372,244596,0,0,13944,42568,0,0,46.7,0x0,nessuno,85756
1790785381.0,,,0,0,145424,244596,0,0,14272,42568,0,0,46.7,0x0,nessuno,85756
1790785411.0,,,0,0,145656,244596,0,0,14668,42568,0,0,47.2,0x0,nessuno,85756
1790785441.1,,,0,0,145472,244596,0,0,14404,42568,0,0,47.2,0x0,nessuno,85756
1790785471.1,,,0,0,145460,244596,0,0,13724,42568,0,0,46.7,0x0,nessuno,85756
1790785501.1,,,0,0,145432,244596,0,0,13844,42568,0,0,46.2,0x0,nessuno,85756
1790785531.1,,,0,0,145180,244596,0,0,14364,42568,0,0,46.2,0x0,nessuno,85756
1790785561.1,,,0,0,145208,244596,0,0,14308,42568,0,0,46.2,0x0,nessuno,85756
1790785591.1,,,0,0,145320,244596,0,0,14436,42568,0,0,47.2,0x0,nessuno,85756
1790785621.1,,,0,0,145364,244596,0,0,14644,42568,0,0,47.2,0x0,nessuno,85756
1790785651.1,,,0,0,145492,244596,0,0,13828,42568,0,0,46.7,0x0,nessuno,85756
1790785681.1,,,0,0,145432,244596,0,0,13916,42568,0,0,47.2,0x0,nessuno,85756
1790785711.1,,,0,0,145460,244596,0,0,14316,42568,0,0,46.2,0x0,nessuno,85756
1790785741.2,,,0,0,145196,244596,0,0,14280,42568,0,0,46.7,0x0,nessuno,85756
1790785771.2,,,0,0,145544,244596,0,0,13764,42568,0,0,47.2,0x0,nessuno,85756
1790785801.2,,,0,0,145384,244596,0,0,14312,42568,0,0,47.2,0x0,nessuno,85756
1790785831.2,,,0,0,145412,244596,0,0,14136,42568,0,0,46.2,0x0,nessuno,85756
1790785861.2,,,0,0,145232,244596,0,0,14552,42568,0,0,46.7,0x0,nessuno,85756
1790785891.2,,,0,0,144920,244596,0,0,13752,42568,0,0,47.2,0x0,nessuno,85756
1790785921.2,,,0,0,145356,244596,0,0,14288,42568,0,0,46.2,0x0,nessuno,85756
1790785951.2,,,0,0,145404,244596,0,0,14656,42568,0,0,47.2,0x0,nessuno,85756
1790785981.2,,,0,0,144988,244596,0,0,14552,42568,0,0,47.2,0x0,nessuno,85756
1790786011.3,,,0,0,145284,244596,0,0,14416,42568,0,0,46.2,0x0,nessuno,85756
1790786041.3,,,0,0,145452,244596,0,0,13880,42568,0,0,46.7,0x0,nessuno,85756
1790786071.3,,,0,0,145252,244596,0,0,14440,42568,0,0,46.2,0x0,nessuno,85756
1790786101.3,,,0,0,145268,244596,0,0,13996,42568,0,0,46.2,0x0,nessuno,85756
1790786131.3,,,0,0,145136,244596,0,0,14760,42568,0,0,46.7,0x0,nessuno,85756
1790786161.3,,,0,0,145084,244596,0,0,14468,42568,0,0,46.7,0x0,nessuno,85756
1790786191.3,,,0,0,145088,244596,0,0,14060,42568,0,0,46.2,0x0,nessuno,85756
1790786221.3,,,0,0,145276,244596,0,0,14668,42568,0,0,46.7,0x0,nessuno,85756
1790786251.3,,,0,0,145424,244596,0,0,14372,42568,0,0,46.7,0x0,nessuno,85756
1790786281.4,,,0,0,145336,244596,0,0,14176,42568,0,0,46.7,0x0,nessuno,85756
1790786311.4,,,0,0,145444,244596,0,0,14388,42568,0,0,47.2,0x0,nessuno,85756
1790786341.4,,,0,0,145320,244596,0,0,14252,42568,0,0,46.2,0x0,nessuno,85756
1790786371.4,,,0,0,145200,244596,0,0,14132,42568,0,0,46.2,0x0,nessuno,85756
1790786401.4,,,0,0,145252,244596,0,0,14288,42568,0,0,46.2,0x0,nessuno,85756
1790786431.4,,,0,0,145428,244596,0,0,14732,42568,0,0,47.2,0x0,nessuno,85756
1790786461.4,,,0,0,145340,244596,0,0,13812,42568,0,0,46.2,0x0,nessuno,85756
1790786491.4,,,0,0,145280,244596,0,0,14572,42568,0,0,46.2,0x0,nessuno,85756
1790786521.4,,,0,0,145184,244596,0,0,14592,42568,0,0,47.2,0x0,nessuno,85756
1790786551.4,,,0,0,145300,244596,0,0,14432,42568,0,0,46.2,0x0,nessuno,85756
1790786581.5,,,0,0,145244,244596,0,0,14484,42568,0,0,46.7,0x0,nessuno,85756
1790786611.5,,,0,0,145348,244596,0,0,14600,42568,0,0,46.2,0x0,nessuno,85756
1790786641.5,,,0,0,145028,244596,0,0,14648,42568,0,0,46.2,0x0,nessuno,85756
1790786671.5,,,0,0,145496,244596,0,0,14396,42568,0,0,46.2,0x0,nessuno,85756
1790786701.5,,,0,0,145576,244596,0,0,14672,42568,0,0,47.2,0x0,nessuno,85756
1790786731.5,,,0,0,144984,244596,0,0,14412,42568,0,0,46.7,0x0,nessuno,85756
1790786761.5,,,0,0,145212,244596,0,0,14412,42568,0,0,46.2,0x0,nessuno,85756
1790786791.5,,,0,0,145436,244596,0,0,14936,42568,0,0,47.2,0x0,nessuno,85756
1790786821.6,,,0,0,145448,244596,0,0,14240,42568,0,0,46.2,0x0,nessuno,85620
1790786851.6,,,0,0,145256,244596,0,0,14232,42568,0,0,47.2,0x0,nessuno,85620
1790786881.6,,,0,0,145360,244596,0,0,14372,42568,0,0,47.2,0x0,nessuno,85620
1790786911.6,,,0,0,145396,244596,0,0,13712,42568,0,0,46.7,0x0,nessuno,85620
1790786941.6,,,0,0,145296,244596,0,0,14408,42568,0,0,47.2,0x0,nessuno,85620
1790786971.6,,,0,0,145420,244596,0,0,14268,42568,0,0,46.7,0x0,nessuno,85620
1790787001.6,,,0,0,145128,244596,0,0,14420,42568,0,0,46.7,0x0,nessuno,85620
1790787031.6,,,0,0,145368,244596,0,0,13820,42568,0,0,46.7,0x0,nessuno,85620
1790787061.7,,,0,0,144820,244596,0,0,14736,42568,0,0,47.2,0x0,nessuno,85620
1790787091.7,,,0,0,145236,244596,0,0,13584,42568,0,0,46.7,0x0,nessuno,85620
1790787121.7,,,0,0,145312,244596,0,0,14472,42568,0,0,47.2,0x0,nessuno,85620
1790787151.7,,,0,0,145500,244596,0,0,14476,42568,0,0,46.7,0x0,nessuno,85620
1790787181.7,,,0,0,145400,244596,0,0,14272,42568,0,0,46.7,0x0,nessuno,85620
1790787211.7,,,0,0,144996,244596,0,0,13816,42568,0,0,46.7,0x0,nessuno,85620
1790787241.7,,,0,0,145180,244596,0,0,14380,42568,0,0,47.2,0x0,nessuno,85620
1790787271.7,,,0,0,145504,244596,0,0,14436,42568,0,0,47.2,0x0,nessuno,85620
1790787301.7,,,0,0,145184,244596,0,0,13864,42568,0,0,47.2,0x0,nessuno,85620
1790787331.7,,,0,0,145336,244596,0,0,14700,42568,0,0,47.2,0x0,nessuno,85620
1790787361.8,,,0,0,145424,244596,0,0,14332,42568,0,0,46.2,0x0,nessuno,85620
1790787391.8,,,0,0,145424,244596,0,0,14520,42568,0,0,46.2,0x0,nessuno,85620
1790787421.8,,,0,0,145380,244596,0,0,13728,42568,0,0,47.2,0x0,nessuno,85620
1790787451.8,,,0,0,145492,244596,0,0,14448,42568,0,0,47.2,0x0,nessuno,85620
1790787481.8,,,0,0,145272,244596,0,0,14516,42568,0,0,47.2,0x0,nessuno,85620
1790787511.8,,,0,0,145420,244596,0,0,14636,42568,0,0,47.2,0x0,nessuno,85620
1790787541.8,,,0,0,145320,244596,0,0,14740,42568,0,0,47.2,0x0,nessuno,85620
1790787571.8,,,0,0,145264,244596,0,0,14732,42568,0,0,46.7,0x0,nessuno,85620
1790787601.8,,,0,0,145400,244596,0,0,14516,42568,0,0,47.2,0x0,nessuno,85620
1790787631.9,,,0,0,145352,244596,0,0,14400,42568,0,0,47.2,0x0,nessuno,85620
1790787661.9,,,0,0,145400,244596,0,0,15004,42568,0,0,46.7,0x0,nessuno,85620
1790787691.9,,,0,0,145328,244596,0,0,14496,42568,0,0,46.7,0x0,nessuno,85620
1790787721.9,,,0,0,145200,244596,0,0,13836,42568,0,0,47.2,0x0,nessuno,85620
1790787751.9,,,0,0,145388,244596,0,0,14216,42568,0,0,46.7,0x0,nessuno,85620
1790787781.9,,,0,0,145324,244596,0,0,14484,42568,0,0,47.2,0x0,nessuno,85620
1790787811.9,,,0,0,145172,244596,0,0,14220,42568,0,0,47.2,0x0,nessuno,85620
1790787841.9,,,0,0,145320,244596,0,0,14376,42568,0,0,46.7,0x0,nessuno,85620
1790787871.9,,,0,0,145300,244596,0,0,14056,42568,0,0,46.2,0x0,nessuno,85620
1790787902.0,,,0,0,145384,244596,0,0,14140,42568,0,0,46.7,0x0,nessuno,85620
1790787932.0,,,0,0,145272,244596,0,0,13676,42568,0,0,46.2,0x0,nessuno,85620
1790787962.0,,,0,0,145344,244596,0,0,14284,42568,0,0,47.2,0x0,nessuno,85620
1790787992.0,,,0,0,145100,244596,0,0,13576,42568,0,0,47.2,0x0,nessuno,85620
1790788022.0,,,0,0,145460,244596,0,0,14324,42568,0,0,47.2,0x0,nessuno,85620
1790788052.0,,,0,0,145544,244596,0,0,13708,42568,0,0,47.2,0x0,nessuno,85620
1790788082.0,,,0,0,144844,244596,0,0,14348,42568,0,0,45.1,0x0,nessuno,85616
1790788112.0,,,0,0,145216,244596,0,0,13788,42568,0,0,45.1,0x0,nessuno,85600
1790788142.0,,,0,0,160172,244596,0,0,14256,42568,0,0,46.2,0x0,nessuno,85592
1790788172.1,,,0,0,145512,244596,0,0,14144,42568,0,0,46.2,0x0,nessuno,85584
1790788202.1,,,0,0,145592,244596,0,0,13332,42568,0,0,45.1,0x0,nessuno,85568
1790788232.1,,,0,0,145392,244596,0,0,14328,42568,0,0,45.1,0x0,nessuno,85568
1790788262.1,,,0,0,145680,244596,0,0,14004,42568,0,0,46.2,0x0,nessuno,85548
1790788292.1,,,0,0,145668,244596,0,0,14428,42568,0,0,45.1,0x0,nessuno,85548
1790788322.1,,,0,0,145896,244596,0,0,14660,42568,0,0,45.6,0x0,nessuno,85372
1790788352.1,,,0,0,153820,244596,0,0,14144,42568,0,0,45.6,0x0,nessuno,85372
1790788382.1,,,0,0,145728,244596,0,0,14432,42568,0,0,45.1,0x0,nessuno,85372
1790788412.1,,,0,0,145760,244596,0,0,14020,42568,0,0,44.5,0x0,nessuno,85372
1790788442.2,,,0,0,145824,244596,0,0,14052,42568,0,0,45.1,0x0,nessuno,85372
1790788472.2,,,0,0,146020,244596,0,0,13624,42568,0,0,45.1,0x0,nessuno,85372
1790788502.2,,,0,0,145984,244596,0,0,13764,42568,0,0,45.6,0x0,nessuno,85368
1790788532.2,,,0,0,146164,244596,0,0,14348,42568,0,0,45.6,0x0,nessuno,85364
1790788562.2,,,0,0,145896,244596,0,0,14824,42568,0,0,46.2,0x0,nessuno,85364
1790788592.2,,,0,0,145996,244596,0,0,14660,42568,0,0,45.6,0x0,nessuno,85364
1790788622.2,,,0,0,145888,244596,0,0,14172,42568,0,0,46.2,0x0,nessuno,85364
1790788652.3,,,0,0,145936,244596,0,0,14632,42568,0,0,46.2,0x0,nessuno,85364
1790788682.3,,,0,0,145876,244596,0,0,14160,42568,0,0,46.7,0x0,nessuno,85364
1790788712.3,,,0,0,145804,244596,0,0,14736,42568,0,0,46.2,0x0,nessuno,85364
1790788742.3,,,0,0,145964,244596,0,0,14600,42568,0,0,46.2,0x0,nessuno,85364
1790788772.3,,,0,0,145800,244596,0,0,14632,42568,0,0,46.2,0x0,nessuno,85364
1790788802.3,,,0,0,145896,244596,0,0,14368,42568,0,0,46.7,0x0,nessuno,85364
1790788832.3,,,0,0,145904,244596,0,0,14668,42568,0,0,46.2,0x0,nessuno,85364
1790788862.3,,,0,0,145772,244596,0,0,14136,42568,0,0,47.2,0x0,nessuno,85364
1790788892.3,,,0,0,145892,244596,0,0,14864,42568,0,0,46.2,0x0,nessuno,85364
1790788922.3,,,0,0,146076,244596,0,0,13828,42568,0,0,46.7,0x0,nessuno,85364
1790788952.4,,,0,0,145980,244596,0,0,13988,42568,0,0,47.2,0x0,nessuno,85364
1790788982.4,,,0,0,145844,244596,0,0,13740,42568,0,0,46.7,0x0,nessuno,85364
1790789012.4,,,0,0,145964,244596,0,0,14792,42568,0,0,47.2,0x0,nessuno,85364
1790789042.4,,,0,0,145852,244596,0,0,15072,42568,0,0,47.2,0x0,nessuno,85364
1790789072.4,,,0,0,145976,244596,0,0,14176,42568,0,0,47.2,0x0,nessuno,85364
1790789102.4,,,0,0,145676,244596,0,0,14600,42568,0,0,47.2,0x0,nessuno,85364
1790789132.4,,,0,0,145900,244596,0,0,13808,42568,0,0,46.7,0x0,nessuno,85364
1790789162.4,,,0,0,145876,244596,0,0,14328,42568,0,0,46.2,0x0,nessuno,85364
1790789192.5,,,0,0,145972,244596,0,0,13688,42568,0,0,47.2,0x0,nessuno,85364
1790789222.5,,,0,0,145668,244596,0,0,14868,42568,0,0,47.2,0x0,nessuno,85364
1790789252.5,,,0,0,146116,244596,0,0,14652,42568,0,0,47.2,0x0,nessuno,85364
1790789282.5,,,0,0,145700,244596,0,0,14668,42568,0,0,47.2,0x0,nessuno,85364
1790789312.5,,,0,0,145892,244596,0,0,14744,42568,0,0,47.2,0x0,nessuno,85364
1790789342.5,,,0,0,146040,244596,0,0,14768,42568,0,0,47.2,0x0,nessuno,85364
1790789372.5,,,0,0,145864,244596,0,0,15020,42568,0,0,47.2,0x0,nessuno,85364
1790789402.5,,,0,0,145988,244596,0,0,13628,42568,0,0,47.2,0x0,nessuno,85364
1790789432.5,,,0,0,145732,244596,0,0,14552,42568,0,0,47.2,0x0,nessuno,85364
1790789462.5,,,0,0,146080,244596,0,0,13708,42568,0,0,47.2,0x0,nessuno,85364
1790789492.6,,,0,0,145972,244596,0,0,14356,42568,0,0,47.2,0x0,nessuno,85364
1790789522.6,,,0,0,145876,244596,0,0,14316,42568,0,0,46.7,0x0,nessuno,85364
1790789552.6,,,0,0,145952,244596,0,0,14512,42568,0,0,47.2,0x0,nessuno,85364
1790789582.6,,,0,0,145916,244596,0,0,14324,42568,0,0,47.2,0x0,nessuno,85364
1790789612.6,,,0,0,146040,244596,0,0,14428,42568,0,0,47.2,0x0,nessuno,85364
1790789642.6,,,0,0,145796,244596,0,0,14776,42568,0,0,46.7,0x0,nessuno,85364
1790789672.6,,,0,0,145996,244596,0,0,14800,42568,0,0,47.2,0x0,nessuno,85364
1790789702.6,,,0,0,146072,244596,0,0,14804,42568,0,0,46.7,0x0,nessuno,85364
1790789732.6,,,0,0,145964,244596,0,0,14236,42568,0,0,47.2,0x0,nessuno,85364
1790789762.7,,,0,0,145596,244596,0,0,14532,42568,0,0,47.8,0x0,nessuno,85364
1790789792.7,,,0,0,145744,244596,0,0,14264,42568,0,0,46.7,0x0,nessuno,85364
1790789822.7,,,0,0,145928,244596,0,0,14236,42568,0,0,46.7,0x0,nessuno,85364
1790789852.7,,,0,0,145924,244596,0,0,14884,42568,0,0,47.2,0x0,nessuno,85364
1790789882.7,,,0,0,146108,244596,0,0,14628,42568,0,0,47.2,0x0,nessuno,85364
1790789912.7,,,0,0,145936,244596,0,0,14536,42568,0,0,46.2,0x0,nessuno,85364
1790789942.7,,,0,0,145924,244596,0,0,14684,42568,0,0,47.2,0x0,nessuno,85364
1790789972.7,,,0,0,145616,244596,0,0,14260,42568,0,0,47.2,0x0,nessuno,85364
1790790002.7,,,0,0,145772,244596,0,0,14200,42568,0,0,46.7,0x0,nessuno,85364
1790790032.7,,,0,0,145804,244596,0,0,14340,42568,0,0,46.2,0x0,nessuno,85364
1790790062.8,,,0,0,146032,244596,0,0,14352,42568,0,0,46.2,0x0,nessuno,85364
1790790092.8,,,0,0,145496,244596,0,0,14264,42568,0,0,46.7,0x0,nessuno,85364
1790790122.8,,,0,0,145800,244596,0,0,14476,42568,0,0,47.2,0x0,nessuno,85364
1790790152.8,,,0,0,145912,244596,0,0,14188,42568,0,0,47.2,0x0,nessuno,85364
1790790182.8,,,0,0,145948,244596,0,0,14504,42568,0,0,47.2,0x0,nessuno,85364
1790790212.8,,,0,0,145988,244596,0,0,14396,42568,0,0,47.2,0x0,nessuno,85364
1790790242.8,,,0,0,145880,244596,0,0,14776,42568,0,0,47.2,0x0,nessuno,85364
1790790272.8,,,0,0,145732,244596,0,0,14748,42568,0,0,47.2,0x0,nessuno,85364
1790790302.9,,,0,0,145732,244596,0,0,13792,42568,0,0,47.2,0x0,nessuno,85364
1790790332.9,,,0,0,145604,244596,0,0,14696,42568,0,0,47.2,0x0,nessuno,85364
1790790362.9,,,0,0,146012,244596,0,0,14192,42568,0,0,46.2,0x0,nessuno,85364
1790790392.9,,,0,0,145948,244596,0,0,14512,42568,0,0,46.7,0x0,nessuno,85364
1790790422.9,,,0,0,145748,244596,0,0,14260,42568,0,0,46.2,0x0,nessuno,85364
1790790452.9,,,0,0,145940,244596,0,0,14672,42568,0,0,47.2,0x0,nessuno,85364
1790790482.9,,,0,0,145596,244596,0,0,13740,42568,0,0,47.2,0x0,nessuno,85364
1790790512.9,,,0,0,145968,244596,0,0,14600,42568,0,0,47.2,0x0,nessuno,85364
1790790543.0,,,0,0,145776,244596,0,0,14560,42568,0,0,46.7,0x0,nessuno,85364
1790790573.0,,,0,0,146080,244596,0,0,14612,42568,0,0,47.2,0x0,nessuno,85364
1790790603.0,,,0,0,145900,244596,0,0,13760,42568,0,0,47.2,0x0,nessuno,85364
1790790633.0,,,0,0,146068,244596,0,0,13864,42568,0,0,47.2,0x0,nessuno,85364
1790790663.0,,,0,0,146108,244596,0,0,14940,42568,0,0,47.2,0x0,nessuno,85364
1790790693.0,,,0,0,145860,244596,0,0,13712,42568,0,0,47.2,0x0,nessuno,85364
1790790723.0,,,0,0,145816,244596,0,0,14540,42568,0,0,46.2,0x0,nessuno,85364
1790790753.0,,,0,0,145888,244596,0,0,14092,42568,0,0,47.2,0x0,nessuno,85364
1790790783.0,,,0,0,145980,244596,0,0,14212,42568,0,0,46.7,0x0,nessuno,85364
1790790813.0,,,0,0,146120,244596,0,0,14436,42568,0,0,46.7,0x0,nessuno,85364
1790790843.1,,,0,0,145872,244596,0,0,14844,42568,0,0,47.8,0x0,nessuno,85364
1790790873.1,,,0,0,146020,244596,0,0,14376,42568,0,0,47.2,0x0,nessuno,85364
1790790903.1,,,0,0,145836,244596,0,0,14300,42568,0,0,47.2,0x0,nessuno,85364
1790790933.1,,,0,0,145640,244596,0,0,14504,42568,0,0,47.2,0x0,nessuno,85364
1790790963.1,,,0,0,146036,244596,0,0,14496,42568,0,0,47.2,0x0,nessuno,85364
1790790993.1,,,0,0,146036,244596,0,0,14264,42568,0,0,46.2,0x0,nessuno,85364
1790791023.1,,,0,0,145904,244596,0,0,14576,42568,0,0,47.2,0x0,nessuno,85364
1790791053.1,,,0,0,145960,244596,0,0,14092,42568,0,0,47.2,0x0,nessuno,85364
1790791083.1,,,0,0,145804,244596,0,0,14336,42568,0,0,46.7,0x0,nessuno,85364
1790791113.1,,,0,0,145948,244596,0,0,14180,42568,0,0,47.2,0x0,nessuno,85364
1790791143.2,,,0,0,146120,244596,0,0,14552,42568,0,0,47.2,0x0,nessuno,85364
1790791173.2,,,0,0,145688,244596,0,0,14316,42568,0,0,47.2,0x0,nessuno,85364
1790791203.2,,,0,0,145796,244596,0,0,13736,42568,0,0,47.2,0x0,nessuno,85364
1790791233.2,,,0,0,145820,244596,0,0,14144,42568,0,0,46.7,0x0,nessuno,85364
1790791263.2,,,0,0,145764,244596,0,0,14172,42568,0,0,47.2,0x0,nessuno,85364
1790791293.2,,,0,0,145704,244596,0,0,13920,42568,0,0,47.2,0x0,nessuno,85364
1790791323.2,,,0,0,145884,244596,0,0,14804,42568,0,0,46.7,0x0,nessuno,85364
1790791353.2,,,0,0,145864,244596,0,0,13964,42568,0,0,46.7,0x0,nessuno,85364
1790791383.3,,,0,0,146020,244596,0,0,14480,42568,0,0,47.8,0x0,nessuno,85364
1790791413.3,,,0,0,145812,244596,0,0,13928,42568,0,0,47.2,0x0,nessuno,85364
1790791443.3,,,0,0,145956,244596,0,0,13576,42568,0,0,46.2,0x0,nessuno,85360
1790791473.3,,,0,0,146004,244596,0,0,13840,42568,0,0,46.2,0x0,nessuno,85360
1790791503.3,,,0,0,145600,244596,0,0,14760,42568,0,0,46.2,0x0,nessuno,85360
1790791533.3,,,0,0,146104,244596,0,0,13624,42568,0,0,47.2,0x0,nessuno,85360
1790791563.3,,,0,0,145900,244596,0,0,14684,42568,0,0,47.2,0x0,nessuno,85360
1790791593.3,,,0,0,146032,244596,0,0,14392,42568,0,0,47.2,0x0,nessuno,85360
1790791623.3,,,0,0,145896,244596,0,0,13632,42568,0,0,47.2,0x0,nessuno,85360
1790791653.3,,,0,0,146204,244596,0,0,14216,42568,0,0,46.7,0x0,nessuno,85360
1790791683.4,,,0,0,146032,244596,0,0,14040,42568,0,0,47.2,0x0,nessuno,85360
1790791713.4,,,0,0,145844,244596,0,0,14452,42568,0,0,47.2,0x0,nessuno,85360
1790791743.4,,,0,0,145776,244596,0,0,13728,42568,0,0,47.8,0x0,nessuno,85360
1790791773.4,,,0,0,145868,244596,0,0,13728,42568,0,0,47.2,0x0,nessuno,85360
1790791803.4,,,0,0,145748,244596,0,0,14108,42568,0,0,47.2,0x0,nessuno,85360
1790791833.4,,,0,0,145908,244596,0,0,14324,42568,0,0,47.2,0x0,nessuno,85360
1790791863.4,,,0,0,145772,244596,0,0,13736,42568,0,0,45.6,0x0,nessuno,85356
1790791893.4,,,0,0,146320,244596,0,0,13832,42568,0,0,45.6,0x0,nessuno,85352
1790791923.5,,,0,0,146100,244596,0,0,14144,42568,0,0,45.1,0x0,nessuno,85352
1790791953.5,,,0,0,146276,244596,0,0,13496,42568,0,0,46.2,0x0,nessuno,85064
1790791983.5,,,0,0,146264,244596,0,0,13432,42568,0,0,45.1,0x0,nessuno,85056
1790792013.5,,,0,0,146256,244596,0,0,14672,42568,0,0,44.5,0x0,nessuno,85056
1790792043.5,,,0,0,151824,244596,0,0,13456,42568,0,0,45.1,0x0,nessuno,85056
1790792073.5,,,0,0,161412,244596,0,0,13284,42568,0,0,45.1,0x0,nessuno,85056
1790792103.5,,,0,0,145980,244596,0,0,14420,42568,0,0,45.1,0x0,nessuno,85048
1790792133.5,,,0,0,146456,244596,0,0,13916,42568,0,0,45.1,0x0,nessuno,85040
1790792163.6,,,0,0,146324,244596,0,0,14540,42568,0,0,44.0,0x0,nessuno,85036
1790792193.6,,,0,0,146264,244596,0,0,14516,42568,0,0,45.1,0x0,nessuno,85032
1790792223.6,,,0,0,146408,244596,0,0,14076,42568,0,0,45.1,0x0,nessuno,85028
1790792253.6,,,0,0,146364,244596,0,0,13768,42568,0,0,45.1,0x0,nessuno,85028
1790792283.6,,,0,0,146412,244596,0,0,14448,42568,0,0,44.5,0x0,nessuno,85028
1790792313.6,,,0,0,146564,244596,0,0,14440,42568,0,0,44.0,0x0,nessuno,85024
1790792343.6,,,0,0,146460,244596,0,0,14384,42568,0,0,46.2,0x0,nessuno,85024
1790792373.6,,,0,0,146688,244596,0,0,13644,42568,0,0,46.2,0x0,nessuno,85024
1790792403.6,,,0,0,146296,244596,0,0,14412,42568,0,0,45.6,0x0,nessuno,85024
1790792433.6,,,0,0,146660,244596,0,0,14656,42568,0,0,46.2,0x0,nessuno,85024
1790792463.7,,,0,0,146576,244596,0,0,14268,42568,0,0,46.7,0x0,nessuno,85024
1790792493.7,,,0,0,146580,244596,0,0,13876,42568,0,0,46.2,0x0,nessuno,85024
1790792523.7,,,0,0,146468,244596,0,0,14336,42568,0,0,46.2,0x0,nessuno,85024
1790792553.7,,,0,0,146564,244596,0,0,14488,42568,0,0,46.2,0x0,nessuno,85024
1790792583.7,,,0,0,146664,244596,0,0,14668,42568,0,0,46.2,0x0,nessuno,85024
1790792613.7,,,0,0,146336,244596,0,0,14552,42568,0,0,46.2,0x0,nessuno,85024
1790792643.7,,,0,0,146460,244596,0,0,13884,42568,0,0,47.2,0x0,nessuno,85024
1790792673.7,,,0,0,146500,244596,0,0,14048,42568,0,0,46.7,0x0,nessuno,85024
1790792703.7,,,0,0,146644,244596,0,0,14576,42568,0,0,46.2,0x0,nessuno,85024
1790792733.7,,,0,0,146676,244596,0,0,14680,42568,0,0,46.2,0x0,nessuno,85024
1790792763.8,,,0,0,146548,244596,0,0,14640,42568,0,0,46.2,0x0,nessuno,85024
1790792793.8,,,0,0,146684,244596,0,0,14656,42568,0,0,47.2,0x0,nessuno,85024
1790792823.8,,,0,0,146488,244596,0,0,14060,42568,0,0,47.2,0x0,nessuno,85024
1790792853.8,,,0,0,146772,244596,0,0,14728,42568,0,0,46.2,0x0,nessuno,85024
1790792883.8,,,0,0,146376,244596,0,0,14788,42568,0,0,47.2,0x0,nessuno,85024
1790792913.8,,,0,0,146544,244596,0,0,14060,42568,0,0,46.7,0x0,nessuno,85024
1790792943.8,,,0,0,146448,244596,0,0,14464,42568,0,0,47.2,0x0,nessuno,85024
1790792973.8,,,0,0,146348,244596,0,0,14616,42568,0,0,46.7,0x0,nessuno,85024
1790793003.8,,,0,0,146524,244596,0,0,14408,42568,0,0,46.2,0x0,nessuno,85024
1790793033.9,,,0,0,146652,244596,0,0,14292,42568,0,0,47.2,0x0,nessuno,85024
1790793063.9,,,0,0,146596,244596,0,0,14284,42568,0,0,46.2,0x0,nessuno,85024
1790793093.9,,,0,0,146276,244596,0,0,14124,42568,0,0,46.2,0x0,nessuno,85024
1790793123.9,,,0,0,146348,244596,0,0,14120,42568,0,0,46.2,0x0,nessuno,85024
1790793153.9,,,0,0,146792,244596,0,0,14552,42568,0,0,46.7,0x0,nessuno,85024
1790793183.9,,,0,0,146572,244596,0,0,13808,42568,0,0,47.2,0x0,nessuno,85024
1790793213.9,,,0,0,146564,244596,0,0,13780,42568,0,0,46.7,0x0,nessuno,85024
1790793243.9,,,0,0,146524,244596,0,0,14080,42568,0,0,47.2,0x0,nessuno,85024
1790793273.9,,,0,0,146168,244596,0,0,13748,42568,0,0,47.2,0x0,nessuno,85024
1790793304.0,,,0,0,146488,244596,0,0,13572,42568,0,0,46.7,0x0,nessuno,85024
1790793334.0,,,0,0,146556,244596,0,0,14280,42568,0,0,47.2,0x0,nessuno,85024
1790793364.0,,,0,0,146616,244596,0,0,14432,42568,0,0,47.2,0x0,nessuno,85024
1790793394.0,,,0,0,146280,244596,0,0,14564,42568,0,0,47.2,0x0,nessuno,85024
1790793424.0,,,0,0,146712,244596,0,0,14296,42568,0,0,46.7,0x0,nessuno,85024
1790793454.0,,,0,0,146804,244596,0,0,13720,42568,0,0,46.7,0x0,nessuno,85024
1790793484.0,,,0,0,146656,244596,0,0,14316,42568,0,0,46.2,0x0,nessuno,85024
1790793514.0,,,0,0,146480,244596,0,0,13660,42568,0,0,47.2,0x0,nessuno,85024
1790793544.0,,,0,0,146476,244596,0,0,14732,42568,0,0,47.8,0x0,nessuno,85024
1790793574.1,,,0,0,146628,244596,0,0,13948,42568,0,0,46.7,0x0,nessuno,85024
1790793604.1,,,0,0,146672,244596,0,0,13916,42568,0,0,47.2,0x0,nessuno,85024
1790793634.1,,,0,0,146392,244596,0,0,13884,42568,0,0,46.7,0x0,nessuno,85024
1790793664.1,,,0,0,146632,244596,0,0,14216,42568,0,0,46.7,0x0,nessuno,85020
1790793694.1,,,0,0,146552,244596,0,0,14340,42568,0,0,47.2,0x0,nessuno,85016
1790793724.1,,,0,0,146604,244596,0,0,14752,42568,0,0,47.2,0x0,nessuno,85016
1790793754.1,,,0,0,146564,244596,0,0,13772,42568,0,0,46.2,0x0,nessuno,85016
1790793784.1,,,0,0,146220,244596,0,0,14216,42568,0,0,46.2,0x0,nessuno,85016
1790793814.1,,,0,0,146448,244596,0,0,14700,42568,0,0,46.2,0x0,nessuno,85016
1790793844.1,,,0,0,146704,244596,0,0,14048,42568,0,0,47.2,0x0,nessuno,85016
1790793874.2,,,0,0,146348,244596,0,0,14244,42568,0,0,46.2,0x0,nessuno,85016
1790793904.2,,,0,0,146508,244596,0,0,14456,42568,0,0,47.2,0x0,nessuno,85016
1790793934.2,,,0,0,146564,244596,0,0,14604,42568,0,0,47.2,0x0,nessuno,85016
1790793964.2,,,0,0,146736,244596,0,0,14500,42568,0,0,46.7,0x0,nessuno,85016
1790793994.2,,,0,0,146492,244596,0,0,14508,42568,0,0,46.7,0x0,nessuno,85016
1790794024.2,,,0,0,146500,244596,0,0,14308,42568,0,0,47.2,0x0,nessuno,85016
1790794054.2,,,0,0,146828,244596,0,0,13564,42568,0,0,46.7,0x0,nessuno,85016
1790794084.2,,,0,0,146544,244596,0,0,13796,42568,0,0,47.2,0x0,nessuno,85016
1790794114.3,,,0,0,146168,244596,0,0,14120,42568,0,0,47.2,0x0,nessuno,85016
1790794144.3,,,0,0,146608,244596,0,0,14152,42568,0,0,46.2,0x0,nessuno,85016
1790794174.3,,,0,0,146504,244596,0,0,14704,42568,0,0,46.2,0x0,nessuno,85016
1790794204.3,,,0,0,146616,244596,0,0,14052,42568,0,0,47.2,0x0,nessuno,85016
1790794234.3,,,0,0,146396,244596,0,0,14356,42568,0,0,46.7,0x0,nessuno,85016
1790794264.3,,,0,0,146488,244596,0,0,14380,42568,0,0,47.2,0x0,nessuno,85016
1790794294.3,,,0,0,146592,244596,0,0,14008,42568,0,0,47.2,0x0,nessuno,85016
1790794324.3,,,0,0,146412,244596,0,0,14236,42568,0,0,47.2,0x0,nessuno,85016
1790794354.3,,,0,0,146580,244596,0,0,14004,42568,0,0,47.2,0x0,nessuno,85016
1790794384.3,,,0,0,146648,244596,0,0,14392,42568,0,0,46.2,0x0,nessuno,85016
1790794414.4,,,0,0,146684,244596,0,0,14772,42568,0,0,46.2,0x0,nessuno,85016
1790794444.4,,,0,0,146464,244596,0,0,14276,42568,0,0,47.2,0x0,nessuno,85016
1790794474.4,,,0,0,146796,244596,0,0,14528,42568,0,0,46.7,0x0,nessuno,85016
1790794504.4,,,0,0,146612,244596,0,0,14456,42568,0,0,47.2,0x0,nessuno,85016
1790794534.4,,,0,0,146572,244596,0,0,14600,42568,0,0,46.7,0x0,nessuno,85016
1790794564.4,,,0,0,146540,244596,0,0,14460,42568,0,0,47.2,0x0,nessuno,85016
1790794594.4,,,0,0,146480,244596,0,0,14612,42568,0,0,47.2,0x0,nessuno,85016
1790794624.4,,,0,0,146680,244596,0,0,14380,42568,0,0,47.2,0x0,nessuno,85016
1790794654.5,,,0,0,146332,244596,0,0,14136,42568,0,0,46.2,0x0,nessuno,85016
1790794684.5,,,0,0,146616,244596,0,0,14728,42568,0,0,47.2,0x0,nessuno,85016
1790794714.5,,,0,0,146480,244596,0,0,13448,42568,0,0,47.2,0x0,nessuno,85016
1790794744.5,,,0,0,146320,244596,0,0,14888,42568,0,0,47.2,0x0,nessuno,85016
1790794774.5,,,0,0,146216,244596,0,0,14884,42568,0,0,46.2,0x0,nessuno,85016
1790794804.5,,,0,0,146624,244596,0,0,14368,42568,0,0,47.8,0x0,nessuno,85016
1790794834.5,,,0,0,146416,244596,0,0,14216,42568,0,0,46.2,0x0,nessuno,85016
1790794864.5,,,0,0,146684,244596,0,0,14664,42568,0,0,46.2,0x0,nessuno,85016
1790794894.5,,,0,0,146600,244596,0,0,13644,42568,0,0,46.2,0x0,nessuno,85016
1790794924.6,,,0,0,146272,244596,0,0,13624,42568,0,0,46.7,0x0,nessuno,85016
1790794954.6,,,0,0,146372,244596,0,0,13892,42568,0,0,47.2,0x0,nessuno,85016
1790794984.6,,,0,0,146504,244596,0,0,14924,42568,0,0,47.8,0x0,nessuno,85016
1790795014.6,,,0,0,146648,244596,0,0,14356,42568,0,0,47.2,0x0,nessuno,85016
1790795044.6,,,0,0,146492,244596,0,0,14720,42568,0,0,46.2,0x0,nessuno,85016
1790795074.6,,,0,0,146592,244596,0,0,14568,42568,0,0,47.2,0x0,nessuno,85016
1790795104.6,,,0,0,146556,244596,0,0,14512,42568,0,0,46.7,0x0,nessuno,85016
1790795134.6,,,0,0,146540,244596,0,0,14656,42568,0,0,47.2,0x0,nessuno,85016
1790795164.6,,,0,0,146512,244596,0,0,14496,42568,0,0,47.8,0x0,nessuno,85016
1790795194.7,,,0,0,146488,244596,0,0,14820,42568,0,0,46.7,0x0,nessuno,85016
1790795224.7,,,0,0,146552,244596,0,0,13952,42568,0,0,46.2,0x0,nessuno,85016
1790795254.7,,,0,0,146768,244596,0,0,14264,42568,0,0,47.2,0x0,nessuno,85016
1790795284.7,,,0,0,146616,244596,0,0,14652,42568,0,0,46.7,0x0,nessuno,85016
1790795314.7,,,0,0,146520,244596,0,0,14384,42568,0,0,47.2,0x0,nessuno,85016
1790795344.7,,,0,0,146476,244596,0,0,13852,42568,0,0,47.8,0x0,nessuno,85016
1790795374.7,,,0,0,146640,244596,0,0,14328,42568,0,0,47.2,0x0,nessuno,85016
1790795404.7,,,0,0,146488,244596,0,0,14428,42568,0,0,46.7,0x0,nessuno,85016
1790795434.7,,,0,0,146588,244596,0,0,14828,42568,0,0,46.2,0x0,nessuno,85016
1790795464.7,,,0,0,146540,244596,0,0,13732,42568,0,0,47.2,0x0,nessuno,85016
1790795494.7,,,0,0,146408,244596,0,0,14452,42568,0,0,47.2,0x0,nessuno,85016
1790795524.8,,,0,0,146640,244596,0,0,14140,42568,0,0,47.8,0x0,nessuno,85016
1790795554.8,,,0,0,146844,244596,0,0,13744,42568,0,0,46.7,0x0,nessuno,85016
1790795584.8,,,0,0,146672,244596,0,0,14352,42568,0,0,47.2,0x0,nessuno,85016
1790795614.8,,,0,0,146592,244596,0,0,13924,42568,0,0,47.2,0x0,nessuno,85016
1790795644.8,,,0,0,146376,244596,0,0,14536,42568,0,0,45.6,0x0,nessuno,85016
1790795674.8,,,0,0,161476,244596,0,0,14824,42568,0,0,45.6,0x0,nessuno,85016
1790795704.8,,,0,0,161512,244596,0,0,14352,42568,0,0,47.8,0x0,nessuno,85012
1790795734.8,,,0,0,149020,244596,0,0,14228,42568,0,0,46.7,0x0,nessuno,83464
1790795764.9,,,0,0,148944,244596,0,0,14336,42568,0,0,45.6,0x0,nessuno,83460
1790795794.9,,,0,0,158360,244596,0,0,14136,42568,0,0,46.2,0x0,nessuno,83456
1790795824.9,,,0,0,148908,244596,0,0,14156,42568,0,0,46.7,0x0,nessuno,83452
1790795854.9,,,0,0,148756,244596,0,0,14124,42568,0,0,45.1,0x0,nessuno,83448
1790795884.9,,,0,0,148924,244596,0,0,13988,42568,0,0,46.2,0x0,nessuno,83448
1790795914.9,,,0,0,163900,244596,0,0,14420,42568,0,0,46.2,0x0,nessuno,83440
1790795944.9,,,0,0,148920,244596,0,0,14588,42568,0,0,45.6,0x0,nessuno,83440
1790795974.9,,,0,0,148824,244596,0,0,14500,42568,0,0,44.5,0x0,nessuno,83436
1790796005.0,,,0,0,149112,244596,0,0,14652,42568,0,0,46.2,0x0,nessuno,83436
1790796035.0,,,0,0,148880,244596,0,0,14188,42568,0,0,46.2,0x0,nessuno,83436
1790796065.0,,,0,0,149168,244596,0,0,14128,42568,0,0,47.8,0x0,nessuno,83436
1790796095.0,,,0,0,148824,244596,0,0,14364,42568,0,0,46.7,0x0,nessuno,83436
1790796125.0,,,0,0,149012,244596,0,0,14868,42568,0,0,46.2,0x0,nessuno,83436
1790796155.0,,,0,0,149208,244596,0,0,14056,42568,0,0,46.2,0x0,nessuno,83436
1790796185.0,,,0,0,149164,244596,0,0,14428,42568,0,0,46.2,0x0,nessuno,83436
1790796215.0,,,0,0,148936,244596,0,0,15064,42568,0,0,47.2,0x0,nessuno,83436
1790796245.0,,,0,0,149004,244596,0,0,13664,42568,0,0,48.3,0x0,nessuno,83436
1790796275.0,,,0,0,148908,244596,0,0,14528,42568,0,0,46.7,0x0,nessuno,83436
1790796305.1,,,0,0,149076,244596,0,0,14412,42568,0,0,46.7,0x0,nessuno,83436
1790796335.1,,,0,0,149160,244596,0,0,14524,42568,0,0,47.2,0x0,nessuno,83436
1790796365.1,,,0,0,148684,244596,0,0,14512,42568,0,0,47.2,0x0,nessuno,83436
1790796395.1,,,0,0,148952,244596,0,0,14668,42568,0,0,47.2,0x0,nessuno,83436
1790796425.1,,,0,0,149036,244596,0,0,14268,42568,0,0,47.2,0x0,nessuno,83436
1790796455.1,,,0,0,148840,244596,0,0,14260,42568,0,0,46.7,0x0,nessuno,83436
1790796485.1,,,0,0,149152,244596,0,0,14204,42568,0,0,47.2,0x0,nessuno,83436
1790796515.1,,,0,0,149044,244596,0,0,14320,42568,0,0,46.2,0x0,nessuno,83436
1790796545.1,,,0,0,149132,244596,0,0,14044,42568,0,0,47.2,0x0,nessuno,83436
1790796575.2,,,0,0,149108,244596,0,0,14316,42568,0,0,46.7,0x0,nessuno,83436
1790796605.2,,,0,0,149140,244596,0,0,14416,42568,0,0,47.2,0x0,nessuno,83436
1790796635.2,,,0,0,149012,244596,0,0,14472,42568,0,0,47.2,0x0,nessuno,83436
1790796665.2,,,0,0,149080,244596,0,0,14372,42568,0,0,46.7,0x0,nessuno,83436
1790796695.2,,,0,0,148852,244596,0,0,14604,42568,0,0,47.2,0x0,nessuno,83436
1790796725.2,,,0,0,148940,244596,0,0,13792,42568,0,0,46.2,0x0,nessuno,83436
1790796755.2,,,0,0,149004,244596,0,0,13484,42568,0,0,47.2,0x0,nessuno,83436
1790796785.2,,,0,0,148768,244596,0,0,13748,42568,0,0,47.8,0x0,nessuno,83436
1790796815.3,,,0,0,149004,244596,0,0,13940,42568,0,0,47.2,0x0,nessuno,83436
1790796845.3,,,0,0,148884,244596,0,0,14488,42568,0,0,47.2,0x0,nessuno,83436
1790796875.3,,,0,0,149032,244596,0,0,14420,42568,0,0,47.2,0x0,nessuno,83436
1790796905.3,,,0,0,148788,244596,0,0,14428,42568,0,0,47.2,0x0,nessuno,83436
1790796935.3,,,0,0,148980,244596,0,0,14516,42568,0,0,47.2,0x0,nessuno,83436
1790796965.3,,,0,0,149084,244596,0,0,14884,42568,0,0,47.2,0x0,nessuno,83436
1790796995.3,,,0,0,149052,244596,0,0,14736,42568,0,0,47.2,0x0,nessuno,83436
1790797025.3,,,0,0,148816,244596,0,0,14536,42568,0,0,47.2,0x0,nessuno,83436
1790797055.3,,,0,0,149068,244596,0,0,14372,42568,0,0,46.2,0x0,nessuno,83436
1790797085.4,,,0,0,149056,244596,0,0,14856,42568,0,0,47.2,0x0,nessuno,83436
1790797115.4,,,0,0,149020,244596,0,0,14804,42568,0,0,47.2,0x0,nessuno,83436
1790797145.4,,,0,0,148796,244596,0,0,14200,42568,0,0,47.2,0x0,nessuno,83436
1790797175.4,,,0,0,148872,244596,0,0,13672,42568,0,0,47.2,0x0,nessuno,83436
1790797205.4,,,0,0,148992,244596,0,0,14496,42568,0,0,46.7,0x0,nessuno,83436
1790797235.4,,,0,0,149080,244596,0,0,13868,42568,0,0,46.7,0x0,nessuno,83436
1790797265.4,,,0,0,149080,244596,0,0,14100,42568,0,0,46.7,0x0,nessuno,83436
1790797295.4,,,0,0,149092,244596,0,0,14348,42568,0,0,46.7,0x0,nessuno,83436
1790797325.4,,,0,0,148808,244596,0,0,14328,42568,0,0,47.2,0x0,nessuno,83436
1790797355.5,,,0,0,149112,244596,0,0,13924,42568,0,0,47.2,0x0,nessuno,83436
1790797385.5,,,0,0,148928,244596,0,0,13992,42568,0,0,47.2,0x0,nessuno,83436
1790797415.5,,,0,0,149012,244596,0,0,14604,42568,0,0,46.2,0x0,nessuno,83436
1790797445.5,,,0,0,148896,244596,0,0,14820,42568,0,0,47.2,0x0,nessuno,83436
1790797475.5,,,0,0,149000,244596,0,0,13748,42568,0,0,47.2,0x0,nessuno,83436
1790797505.5,,,0,0,148640,244596,0,0,14584,42568,0,0,47.2,0x0,nessuno,83436
1790797535.5,,,0,0,148820,244596,0,0,13716,42568,0,0,47.2,0x0,nessuno,83436
1790797565.5,,,0,0,149128,244596,0,0,14280,42568,0,0,47.2,0x0,nessuno,83436
1790797595.6,,,0,0,149024,244596,0,0,14088,42568,0,0,47.2,0x0,nessuno,83436
1790797625.6,,,0,0,148948,244596,0,0,14600,42568,0,0,47.2,0x0,nessuno,83436
1790797655.6,,,0,0,149064,244596,0,0,13660,42568,0,0,47.2,0x0,nessuno,83436
1790797685.6,,,0,0,149040,244596,0,0,14464,42568,0,0,47.2,0x0,nessuno,83436
1790797715.6,,,0,0,149132,244596,0,0,14388,42568,0,0,47.2,0x0,nessuno,83436
1790797745.6,,,0,0,149032,244596,0,0,14484,42568,0,0,47.2,0x0,nessuno,83436
1790797775.6,,,0,0,149112,244596,0,0,14656,42568,0,0,47.2,0x0,nessuno,83436
1790797805.6,,,0,0,148772,244596,0,0,14044,42568,0,0,47.2,0x0,nessuno,83436
1790797835.6,,,0,0,149068,244596,0,0,14572,42568,0,0,47.2,0x0,nessuno,83436
1790797865.6,,,0,0,148960,244596,0,0,13812,42568,0,0,46.7,0x0,nessuno,83436
1790797895.7,,,0,0,148876,244596,0,0,14404,42568,0,0,47.2,0x0,nessuno,83436
1790797925.7,,,0,0,148884,244596,0,0,14612,42568,0,0,47.8,0x0,nessuno,83436
1790797955.7,,,0,0,148860,244596,0,0,13292,42568,0,0,46.7,0x0,nessuno,83436
1790797985.7,,,0,0,148876,244596,0,0,13852,42568,0,0,47.2,0x0,nessuno,83436
1790798015.7,,,0,0,149032,244596,0,0,13808,42568,0,0,46.7,0x0,nessuno,83436
1790798045.7,,,0,0,149032,244596,0,0,14748,42568,0,0,47.2,0x0,nessuno,83436
1790798075.7,,,0,0,148844,244596,0,0,14712,42568,0,0,47.2,0x0,nessuno,83436
1790798105.7,,,0,0,149188,244596,0,0,14700,42568,0,0,47.2,0x0,nessuno,83436
1790798135.7,,,0,0,148924,244596,0,0,13888,42568,0,0,47.2,0x0,nessuno,83436
1790798165.8,,,0,0,148900,244596,0,0,13804,42568,0,0,47.2,0x0,nessuno,83436
1790798195.8,,,0,0,149004,244596,0,0,14228,42568,0,0,46.7,0x0,nessuno,83436
1790798225.8,,,0,0,149156,244596,0,0,14748,42568,0,0,47.2,0x0,nessuno,83436
1790798255.8,,,0,0,148848,244596,0,0,13216,42568,0,0,47.2,0x0,nessuno,83436
1790798285.8,,,0,0,148972,244596,0,0,14352,42568,0,0,46.2,0x0,nessuno,83436
1790798315.8,,,0,0,149012,244596,0,0,14648,42568,0,0,47.2,0x0,nessuno,83436
1790798345.8,,,0,0,148864,244596,0,0,14436,42568,0,0,46.7,0x0,nessuno,83436
1790798375.8,,,0,0,148832,244596,0,0,14408,42568,0,0,47.2,0x0,nessuno,83436
1790798405.8,,,0,0,149144,244596,0,0,14144,42568,0,0,47.2,0x0,nessuno,83436
1790798435.9,,,0,0,149156,244596,0,0,14212,42568,0,0,47.8,0x0,nessuno,83436
1790798465.9,,,0,0,148804,244596,0,0,14036,42568,0,0,46.2,0x0,nessuno,83436
1790798495.9,,,0,0,148916,244596,0,0,14860,42568,0,0,46.7,0x0,nessuno,83436
1790798525.9,,,0,0,148896,244596,0,0,14900,42568,0,0,47.2,0x0,nessuno,83436
1790798555.9,,,0,0,148848,244596,0,0,13912,42568,0,0,47.2,0x0,nessuno,83436
1790798585.9,,,0,0,149048,244596,0,0,14044,42568,0,0,47.2,0x0,nessuno,83436
1790798615.9,,,0,0,148940,244596,0,0,14512,42568,0,0,47.2,0x0,nessuno,83436
1790798645.9,,,0,0,148984,244596,0,0,14800,42568,0,0,46.7,0x0,nessuno,83436
1790798675.9,,,0,0,148968,244596,0,0,14556,42568,0,0,46.7,0x0,nessuno,83436
1790798706.0,,,0,0,148932,244596,0,0,14380,42568,0,0,46.7,0x0,nessuno,83436
1790798736.0,,,0,0,148936,244596,0,0,14804,42568,0,0,47.2,0x0,nessuno,83436
1790798766.0,,,0,0,149000,244596,0,0,14640,42568,0,0,47.2,0x0,nessuno,83436
1790798796.0,,,0,0,149004,244596,0,0,14008,42568,0,0,47.2,0x0,nessuno,83436
1790798826.0,,,0,0,149060,244596,0,0,14676,42568,0,0,47.2,0x0,nessuno,83436
1790798856.0,,,0,0,148992,244596,0,0,14696,42568,0,0,46.7,0x0,nessuno,83436
1790798886.0,,,0,0,149068,244596,0,0,14604,42568,0,0,47.2,0x0,nessuno,83436
1790798916.0,,,0,0,149172,244596,0,0,14488,42568,0,0,46.2,0x0,nessuno,83436
1790798946.0,,,0,0,149012,244596,0,0,14700,42568,0,0,46.7,0x0,nessuno,83436
1790798976.0,,,0,0,148860,244596,0,0,15068,42568,0,0,47.2,0x0,nessuno,83436
1790799006.1,,,0,0,148940,244596,0,0,13928,42568,0,0,47.2,0x0,nessuno,83436
1790799036.1,,,0,0,148812,244596,0,0,14376,42568,0,0,47.2,0x0,nessuno,83436
1790799066.1,,,0,0,148960,244596,0,0,14892,42568,0,0,47.2,0x0,nessuno,83436
1790799096.1,,,0,0,148584,244596,0,0,14416,42568,0,0,47.2,0x0,nessuno,83436
1790799126.1,,,0,0,149104,244596,0,0,14628,42568,0,0,46.2,0x0,nessuno,83436
1790799156.1,,,0,0,149152,244596,0,0,14624,42568,0,0,46.2,0x0,nessuno,83436
1790799186.1,,,0,0,149092,244596,0,0,13980,42568,0,0,47.2,0x0,nessuno,83436
1790799216.1,,,0,0,149160,244596,0,0,13804,42568,0,0,47.2,0x0,nessuno,83436
1790799246.1,,,0,0,148980,244596,0,0,14632,42568,0,0,46.2,0x0,nessuno,83436
1790799276.2,,,0,0,148844,244596,0,0,14544,42568,0,0,46.7,0x0,nessuno,83436
1790799306.2,,,0,0,148808,244596,0,0,14396,42568,0,0,46.2,0x0,nessuno,83432
1790799336.2,,,0,0,149112,244596,0,0,13952,42568,0,0,46.2,0x0,nessuno,83420
1790799366.2,,,0,0,148936,244596,0,0,14580,42568,0,0,46.2,0x0,nessuno,83412
1790799396.2,,,0,0,149176,244596,0,0,14724,42568,0,0,46.7,0x0,nessuno,83396
1790799426.2,,,0,0,148848,244596,0,0,14360,42568,0,0,46.2,0x0,nessuno,83384
1790799456.2,,,0,0,149056,244596,0,0,13640,42568,0,0,45.6,0x0,nessuno,83308
1790799486.2,,,0,0,153240,244596,0,0,14364,42568,0,0,47.2,0x0,nessuno,83300
1790799516.3,,,0,0,149376,244596,0,0,13316,42568,0,0,47.2,0x0,nessuno,83288
1790799546.3,,,0,0,149416,244596,0,0,14572,42568,0,0,47.2,0x0,nessuno,83284
1790799576.3,,,0,0,,,0,0,13956,42568,0,0,45.1,0x0,nessuno,18456
1790799606.3,,,0,0,,,0,0,14624,42568,0,0,45.1,0x0,nessuno,18456
1790799636.3,,,0,0,,,0,0,14392,42568,0,0,44.0,0x0,nessuno,18456
1790799666.3,,,0,0,,,0,0,14436,42568,0,0,43.5,0x0,nessuno,18456
1790799696.3,,,0,0,,,0,0,13772,42568,0,0,42.9,0x0,nessuno,18456
1790799726.3,,,0,0,,,0,0,14064,42568,0,0,44.0,0x0,nessuno,18456
1790799756.3,,,0,0,,,0,0,14464,42568,0,0,44.0,0x0,nessuno,18452
1790799786.4,,,0,0,,,0,0,14404,42568,0,0,45.1,0x0,nessuno,18452
1790799816.4,,,0,0,,,0,0,13872,42568,0,0,44.0,0x0,nessuno,18452
1790799846.4,,,0,0,,,0,0,13704,42568,0,0,43.5,0x0,nessuno,18452
1790799876.4,,,0,0,,,0,0,13848,42568,0,0,44.5,0x0,nessuno,18408
1790799906.4,,,0,0,,,0,0,13844,42568,0,0,43.5,0x0,nessuno,18372
1790799936.4,,,0,0,,,0,0,13184,42568,0,0,45.1,0x0,nessuno,18360
1790799966.4,,,0,0,,,0,0,13628,42568,0,0,43.5,0x0,nessuno,18360
